country,product,value_max,value_min,value_mean,value_median,value_std,annual_change_mean,annual_change_median,annual_change_std,3_year_avg_mean
Australia,Crude oil,17377.364999999998,170.022,3508.3714285714277,1345.061,6133.55073648176,-14.173438514650897,-5.836575875486383,35.5062031484899,1728.8294880952378
Australia,Gasoline and diesel,26136.300499999998,2204.141,10224.349833333332,2332.608,13780.303206255934,-34.13974462383839,-5.836575875486383,49.30784042589148,3937.7539999999995
Australia,Liquified Petroleum Gas,823.0,50.0,310.3333333333333,58.0,444.0003753752167,-37.52743057248131,-13.793103448275868,48.16419487221788,633.0818333333333
Australia,Middle distillates,1981.457,57.512,1491.1593750000002,1962.83425,955.8109219123289,-2.813066462487099,-3.2862999612188473,3.575753358224261,1088.1025208333333
Australia,Naphtha,0.0,0.0,0.0,0.0,0.0,-5.836575875486383,-5.836575875486383,0.0,529.6373888888888
Australia,Other oil products,1812.818,144.931,701.0543333333334,145.414,962.8156086252098,-32.502841136399276,-5.836575875486383,51.62282064896135,763.3221666666667
Australia,Residual fuel oil,207.24450000000002,14.354,87.4185,98.618,69.10061105795906,-12.385810601432699,-5.836575875486383,35.27980432653422,595.9246071428571
Australia,Total gas oil production,11719.4895,6.138,2320.4905,842.388,4159.710796790896,-17.044789313348506,-5.836575875486383,32.82521504708652,1340.6731785714285
Australia,Total kerosene production,3939.6985,524.231,1698.2295000000001,630.759,1941.899717330107,-24.069796510845723,-5.836575875486383,55.78853197903043,1095.7138888888887
Australia,Total oil production,5242.901,360.176,3886.65475,4971.771000000001,2354.4575614124474,-1.5570890066533505,-2.927378439114503,5.42456070331276,1861.3789791666668
Australia,Total oil products production,44638.551,190.154,9154.044142857143,3676.634,15707.928396581587,-15.5461564355371,-5.836575875486383,33.25543189645414,3609.7617261904757
Austria,Crude oil,1237.197,-2.807,590.7950714285714,538.817,575.295113866239,-15.117988229496332,-5.836575875486383,34.44547849623905,764.533988095238
Austria,Gasoline and diesel,7232.5525,535.731,2784.5731666666666,585.436,3852.143268243872,-35.41079008291232,-8.490253417965421,48.94387763779518,1457.8284444444444
Austria,Liquified Petroleum Gas,83.7315,6.332,32.357166666666664,7.008,44.492761636959926,-35.704361531181284,-9.646118721461194,48.470802026680296,540.4231111111111
Austria,Middle distillates,1135.783,0.138,834.95475,1101.949,556.9470683295825,-3.252446389308586,-5.158460576354612,4.311767675215502,874.1488124999998
Austria,Naphtha,957.1600000000001,74.639,370.1093333333333,78.529,508.4045111427842,-34.19526148591593,-5.836575875486383,49.88533139113819,653.0071666666666
Austria,Other oil products,547.7835,20.286,197.7695,25.239,303.13113201921374,-40.28449649169642,-19.62439082372518,48.220295322252326,595.5605555555554
Austria,Residual fuel oil,140.234,3.627,70.62792857142857,59.8125,60.771161276291636,-16.97025468981646,-5.836575875486383,35.10083090851282,589.5826071428571
Austria,Total gas oil production,1471.8805,-2.786,386.5637857142857,315.049,495.98393444309744,-14.470826498134205,-5.836575875486383,34.921084566418926,696.4558928571429
Austria,Total kerosene production,507.3225,57.957,209.41616666666667,62.969,258.00662320197,-28.588230376935787,-5.836575875486383,52.45321844608343,599.4427777777777
Austria,Total oil production,2890.695,24.79,2136.1646250000003,2814.5867500000004,1408.0882372737026,-2.117292238905777,-2.409878183889258,4.3211547592034565,1305.8311041666666
Austria,Total oil products production,10860.243,27.597,2514.7662857142855,1653.498,3730.150800871805,-16.555174218415655,-5.836575875486383,33.30675447046037,1404.4099166666667
Belgium,Crude oil,916.0,0.0,376.0142857142857,5.6,467.90883880150346,-5.553100269179383,-5.836575875486383,0.7736829879748881,692.5400595238095
Belgium,Gasoline and diesel,9164.0,761.0,3598.933333333333,871.8,4819.807507912877,-36.34419997187169,-12.709337003899968,47.01452318717706,1729.2818333333332
Belgium,Liquified Petroleum Gas,2294.7,204.7,904.4333333333333,213.9,1204.0150386657688,-30.807212596346986,-5.836575875486383,52.452250435708,831.1151666666666
Belgium,Middle distillates,3299.5,58.2,2438.4125,3197.9750000000004,1587.6174992605536,-1.966921108669506,-2.275497108330593,4.49661595861929,1403.7962291666668
Belgium,Naphtha,4465.4,263.5,1677.6999999999998,304.2,2414.3047839906208,-37.46785064416334,-13.379355687047989,48.40188979309502,1088.8707222222222
Belgium,Other oil products,450.4,-29.1,155.5,45.2,258.0787282981687,-122.54131999334396,-106.46092362344584,125.51985894945203,581.4707222222222
Belgium,Residual fuel oil,529.5,-50.8,215.3642857142857,39.25,272.6319691364865,-20.058246227257236,-5.836575875486383,33.29082569615613,641.6757738095238
Belgium,Total gas oil production,2068.05,26.6,568.7857142857143,496.15,689.2831824404526,-14.347405052006621,-5.836575875486383,34.20950824536211,755.7972023809524
Belgium,Total kerosene production,1599.75,137.1,626.2166666666667,141.8,843.1078731890323,-33.42907279899468,-5.836575875486383,49.99167153881445,738.3762777777778
Belgium,Total oil production,6139.1,129.2,4544.05,5953.950000000001,2944.8969019871192,-1.901354589528964,-1.9491182185734757,4.544671502315851,2099.758729166667
Belgium,Total oil products production,20081.55,123.6,5558.621428571429,4980.799999999999,6729.426246460215,-15.231841417637611,-5.836575875486383,33.95086897626175,2414.4567261904763
Canada,Crude oil,211728.60000000044,-396.648,41625.31642857149,10380.39,75537.18895596414,-14.893031770574158,-5.836575875486383,34.018989923077406,13539.966250000003
Canada,Gasoline and diesel,28183.252500000002,2276.124,10957.631166666668,2413.517,14917.983843289738,-34.32185533843205,-5.836575875486383,49.462649822729816,4182.181111111112
Canada,Liquified Petroleum Gas,6867.784,745.87,2806.500666666667,805.848,3517.30238610918,-28.978270303920212,-5.836575875486383,52.561267343042154,1465.1376111111113
Canada,Middle distillates,2704.009,280.481,1979.831125,2467.41725,1138.4062592777366,-0.6118041446637827,-3.3234718048197163,7.483717671271331,1232.4123541666665
Canada,Naphtha,775.896,94.944,334.996,134.148,382.3334224260285,-17.436058521121417,-5.836575875486383,65.30474997740083,641.3027222222222
Canada,Other oil products,20112.2885,1168.59,7666.986166666666,1720.08,10781.474756779755,-43.11535781092181,-32.0618808427515,43.862821309172496,3085.2994444444444
Canada,Residual fuel oil,2631.9925000000003,-74.722,581.2587857142859,320.625,915.8945090948821,-20.751715931662318,-5.836575875486383,31.917711268570606,764.7797499999999
Canada,Total gas oil production,30656.699500000002,67.139,5902.176285714287,1943.675,10947.27641347002,-16.878350345540817,-5.836575875486383,33.51645921472855,2531.663630952381
Canada,Total kerosene production,5101.535,629.002,2125.246333333333,645.202,2577.55432154132,-31.900068132227446,-5.836575875486383,48.05224392083526,1238.0528333333332
Canada,Total oil production,16833.443,2.348,12525.953625,16634.011749999998,8349.645533973136,-2.6685534578974295,-3.1215634746309115,3.732166875309462,4770.964270833333
Canada,Total oil products production,94329.448,398.996,18631.566357142856,6821.013,33484.0067604243,-16.07875903371176,-5.836575875486383,33.56109096425235,6758.990940476191
Chile,Crude oil,422.4595,18.254,239.8422857142857,359.5085,198.80225941452838,-11.804907267670824,-5.836575875486383,37.451624786038536,646.5468214285713
Chile,Gasoline and diesel,9318.7555,714.008,3610.9485,800.082,4943.293208510471,-36.00300196624781,-10.758147289902775,48.05062948063351,1733.2868888888888
Chile,Liquified Petroleum Gas,1377.5975,93.559,525.2698333333334,104.653,738.1582538542012,-29.062452149332177,-5.836575875486383,56.252223840758155,704.7273333333333
Chile,Middle distillates,404.645,-124.587,247.448625,354.86825,249.1415269030085,-2.0915485638957367,-5.836575875486383,11.66624951463283,688.7071874999999
Chile,Naphtha,51.010000000000005,2.384,19.392,4.782,27.408229494077144,-0.1919113800941498,-5.836575875486383,98.07872716807042,536.1013888888889
Chile,Other oil products,693.261,161.375,344.993,180.343,301.7580092126802,-30.113529325515945,-10.517735648181514,38.06693801162098,644.6350555555555
Chile,Residual fuel oil,475.067,27.748,114.09485714285714,61.409,160.75809712259036,-10.775947352735328,-5.836575875486383,44.69740998862795,604.1789166666666
Chile,Total gas oil production,3912.949,-51.607,721.6305000000001,175.764,1413.415012290652,-15.88204557095965,-5.836575875486383,33.42131353317462,810.4696071428571
Chile,Total kerosene production,862.1205,59.375,327.5201666666667,61.065,462.9782406604908,-32.03439059871689,-5.836575875486383,53.07341573504658,638.8107777777777
Chile,Total oil production,1358.504,-181.894,951.2304999999999,1314.156,755.9519581166077,-4.182856737967361,-4.685153215106724,2.078265458722694,928.0767291666666
Chile,Total oil products production,16690.7605,-200.148,3168.171142857143,940.726,5988.841629702975,-17.32706557607624,-5.836575875486383,32.54761356996865,1633.0565357142857
Czech Republic,Crude oil,1244.0,-30.0,538.0,82.5,651.1499443292612,-18.941674487722928,-5.836575875486383,32.59298150603515,748.2305357142857
Czech Republic,Gasoline and diesel,5159.0,383.0,1982.6666666666667,406.0,2750.809396038434,-34.54395276930928,-5.836575875486383,49.87127683283548,1190.5262777777778
Czech Republic,Liquified Petroleum Gas,427.0,31.0,165.0,37.0,226.91848756767263,-26.40726133473882,-5.836575875486383,58.81054894070611,584.6373888888888
Czech Republic,Middle distillates,1011.0,65.0,761.25,984.5,464.34353302987506,-2.3308874499322756,-3.2725389498889426,4.330245017210199,844.1753958333333
Czech Republic,Naphtha,1014.0,80.0,396.3333333333333,95.0,534.9676002650378,-26.399009841467194,-5.836575875486383,58.220445839625874,661.7484999999999
Czech Republic,Other oil products,1280.5,52.0,470.5,79.0,701.6104688500593,-44.61477533754868,-34.17721518987342,44.9159348634719,686.4707222222222
Czech Republic,Residual fuel oil,61.0,2.0,24.857142857142858,32.0,22.04108717394684,-17.13400090214053,-5.836575875486383,34.06589582072754,575.6591071428571
Czech Republic,Total gas oil production,1556.5,12.0,442.35714285714283,411.0,520.4208804968752,-14.29092932628623,-5.836575875486383,34.49720144438413,714.3495833333333
Czech Republic,Total kerosene production,222.0,17.0,89.0,28.0,115.31261856362468,-11.157678621629188,-5.836575875486383,78.65921319725568,559.3040555555555
Czech Republic,Total oil production,2876.0,62.0,2146.125,2823.25,1389.7327305996646,-2.275863241363779,-2.3379150921575387,4.112805259539883,1306.0503958333334
Czech Republic,Total oil products production,9720.0,92.0,2301.285714285714,1577.0,3323.1074169761505,-15.37083421532214,-5.836575875486383,34.13149402081005,1330.1829166666666
Denmark,Crude oil,3212.5,24.0,773.0,515.0,1096.0020909347452,-18.170529632027726,-5.836575875486383,32.73906626344468,823.9924404761904
Denmark,Gasoline and diesel,3691.0,283.0,1432.3333333333333,323.0,1956.1649555529139,-36.489820273150336,-12.383900928792569,47.535685296759645,1007.0818333333333
Denmark,Liquified Petroleum Gas,63.0,6.0,25.0,6.0,32.90896534380867,-32.10425545055896,-5.836575875486383,50.63574333872259,537.9707222222222
Denmark,Middle distillates,1526.0,29.0,1127.5,1477.5,732.9631641494681,-3.271141752194967,-5.310162118608197,4.456704365371925,969.2587291666666
Denmark,Naphtha,0.0,0.0,0.0,0.0,0.0,-5.836575875486383,-5.836575875486383,0.0,529.6373888888888
Denmark,Other oil products,403.0,13.0,147.66666666666666,27.0,221.23592233932837,-50.329558622098695,-51.85185185185186,43.751703097833804,578.8596111111111
Denmark,Residual fuel oil,725.0,6.0,244.64285714285714,57.5,297.5148055539581,-20.321509820623106,-5.836575875486383,39.05539494082279,648.6829166666666
Denmark,Total gas oil production,1278.0,5.0,368.2142857142857,353.0,427.57103280652456,-16.052160792466278,-5.836575875486383,33.446077721494355,689.968630952381
Denmark,Total kerosene production,613.5,64.0,251.5,77.0,313.56857304264406,-25.030709345075195,-5.836575875486383,57.39986938546623,613.4707222222222
Denmark,Total oil production,3151.0,68.0,2279.625,2949.75,1480.6437437254558,-4.7850119673543885,-5.836575875486383,5.382341740775483,1350.0503958333334
Denmark,Total oil products production,6106.0,44.0,2077.714285714286,2316.0,2070.5471671586165,-17.515795741561362,-5.836575875486383,32.86619715642186,1257.9448214285712
Estonia,Crude oil,110.0,0.0,42.357142857142854,33.0,45.79366248521212,1.7088431096213184,-5.836575875486383,27.659401172311288,580.0162499999999
Estonia,Gasoline and diesel,771.0,61.0,299.6666666666667,67.0,408.1976645368434,-35.3672622619716,-8.955223880597018,48.47290822907503,629.5262777777778
Estonia,Liquified Petroleum Gas,14.0,1.0,5.333333333333333,1.0,7.505553499465135,-32.89790624420975,-5.836575875486383,52.00816230066057,531.4151666666666
Estonia,Middle distillates,186.0,17.0,132.125,162.75,77.54178980824899,-3.0110257878592144,-5.836575875486383,11.304060781599832,638.4670624999999
Estonia,Naphtha,0.0,0.0,0.0,0.0,0.0,-5.836575875486383,-5.836575875486383,0.0,529.6373888888888
Estonia,Other oil products,0.0,0.0,0.0,0.0,0.0,-5.836575875486383,-5.836575875486383,0.0,529.6373888888888
Estonia,Residual fuel oil,73.0,0.0,35.285714285714285,26.0,34.155108381784245,-20.98147927316384,-5.836575875486383,30.28799568162461,579.2305357142857
Estonia,Total gas oil production,204.0,0.0,70.64285714285714,84.0,70.09203133839722,-16.068277267252707,-5.836575875486383,33.693287507495675,591.0162499999999
Estonia,Total kerosene production,52.5,4.0,20.833333333333332,6.0,27.442363843760496,-42.580445926749434,-33.333333333333336,42.13544566207054,536.5818333333333
Estonia,Total oil production,453.0,50.0,324.625,397.75,184.9762935261345,-1.8241666514845625,-5.836575875486383,11.75074046048332,699.8837291666666
Estonia,Total oil products production,1067.5,17.0,321.5,317.0,355.08531838606524,-17.43097144422411,-5.836575875486383,32.855824557775094,673.8257738095238
Finland,Crude oil,1619.5,0.0,641.2142857142857,85.0,785.5481025555159,-7.959354225686389,-5.836575875486383,7.4121293150393015,777.1591071428571
Finland,Gasoline and diesel,4219.5,315.0,1644.1666666666667,398.0,2230.690158523441,-39.086150009603394,-20.854271356783915,45.212141955258254,1077.6929444444443
Finland,Liquified Petroleum Gas,1018.5,73.0,388.1666666666667,73.0,545.8846795187911,-32.8897242772649,-5.836575875486383,51.99401305198112,659.0262777777778
Finland,Middle distillates,2447.0,-67.0,1698.625,2207.25,1187.6420178235528,-5.634248369330408,-5.836575875486383,8.080951430844577,1167.6337291666666
Finland,Naphtha,16.5,0.0,5.5,0.0,9.526279441628825,-37.224383916990924,-5.836575875486383,54.36527826610484,531.4707222222222
Finland,Other oil products,177.0,4.0,62.666666666666664,7.0,99.02693236354105,-48.246305490914075,-42.85714285714286,45.3451339186326,550.5262777777778
Finland,Residual fuel oil,437.0,-3.0,193.78571428571428,152.0,180.84704797674956,-21.54879237901531,-5.836575875486383,38.3280084926788,632.206726190476
Finland,Total gas oil production,1301.0,-6.0,344.7142857142857,293.0,439.5356315801614,-14.464071654863227,-5.836575875486383,34.50914917210045,682.6591071428571
Finland,Total kerosene production,455.5,56.0,192.5,66.0,227.81955578922543,-25.22841693366665,-5.836575875486383,55.388783065520116,593.8040555555555
Finland,Total oil production,4963.0,-45.0,3445.125,4431.25,2367.166392370141,-7.303872749686444,-5.836575875486383,8.925868624564224,1747.9670625
Finland,Total oil products production,7625.0,-130.0,2598.714285714286,2797.0,2629.163537089678,-18.863884045649623,-5.836575875486383,32.51197122897343,1439.8972023809524
France,Crude oil,7029.0,66.0,3183.785714285714,880.5,3573.1573789523886,-9.434786111478099,-5.836575875486383,40.49357986622315,1615.9686309523809
France,Gasoline and diesel,41446.0,3137.0,15990.666666666666,3389.0,22045.325407744233,-35.031830921177736,-7.435821776335205,49.189177296760185,5859.859611111111
France,Liquified Petroleum Gas,3268.5,207.0,1254.5,288.0,1744.6453077918159,-20.12432024497178,-5.836575875486383,67.54170878099607,947.8040555555555
France,Middle distillates,10656.5,48.0,7867.125,10382.0,5215.992113602806,-3.945772621561111,-4.436026507274588,2.3254633058005796,3214.2170625
France,Naphtha,4935.5,295.0,1845.5,306.0,2676.0241497415527,-32.043552555393184,-5.836575875486383,53.888341677025416,1144.8040555555556
France,Other oil products,5164.5,192.0,1881.1666666666667,287.0,2843.8467932245107,-44.460150678736575,-33.10104529616724,45.38214475006935,1156.6929444444443
France,Residual fuel oil,888.0,-18.0,345.5,423.0,326.3567832909253,-22.148072274864717,-5.836575875486383,34.087998049651304,683.4924404761904
France,Total gas oil production,8884.0,-248.0,2185.5,1582.0,3034.9048722049483,-14.478222009213313,-5.836575875486383,34.137750006336056,1307.7781547619047
France,Total kerosene production,4983.5,553.0,2050.5,615.0,2540.2416715737895,-27.84279459880584,-5.836575875486383,53.562638753497495,1213.1373888888888
France,Total oil production,20175.0,94.0,15087.5,20040.5,9996.46205748147,-3.2491428949070644,-3.582476289663883,3.0368913344865853,5617.175395833333
France,Total oil products production,69570.0,-174.0,17106.285714285714,12879.0,23689.875908738497,-16.552063408176117,-5.836575875486383,33.28513552196072,6277.849583333334
Germany,Crude oil,20215.924,-67.827,9076.040642857142,3001.1035,10306.774010861243,-16.20904726210745,-5.836575875486383,33.46666172661416,3596.0453690476193
Germany,Gasoline and diesel,47506.2065,3976.898,18553.226166666667,4176.574,25074.215247202337,-33.94193117384126,-5.836575875486383,49.596992418346595,6714.046111111111
Germany,Liquified Petroleum Gas,3345.5985,216.074,1268.4288333333334,243.614,1798.9344015249926,-36.61990600185052,-11.304769019842864,48.65957041526157,952.447
Germany,Middle distillates,9713.968,598.982,7328.365375000001,9500.25575,4488.996826983236,-3.675006384649282,-4.776210467444752,3.076292904920594,2988.7153541666667
Germany,Naphtha,12680.725999999999,797.021,4759.254333333333,800.016,6860.195862135302,-33.30067672009909,-5.836575875486383,52.370890289758385,2116.0555
Germany,Other oil products,4200.433,187.527,1542.7836666666665,240.391,2301.743607539583,-40.70147019175631,-21.990839923291638,47.095569724005664,1043.898611111111
Germany,Residual fuel oil,2064.7045,14.862,923.2205,1331.782,811.6469105690294,-8.406380016075769,-5.836575875486383,42.42957586686948,874.5010833333333
Germany,Total gas oil production,15612.183,59.683,3947.2947142857147,2918.731,5281.937309059834,-15.405606057077819,-5.836575875486383,34.51812332111425,1880.391488095238
Germany,Total kerosene production,7623.9605,732.66,3058.010166666667,817.41,3954.4560277584437,-35.161032332282325,-10.368113920798617,46.92175834556349,1548.9741111111114
Germany,Total oil production,35873.935,671.66,26757.416374999997,35242.03525,17398.959956717074,-3.691878712402019,-4.572716145855848,2.863907607841467,9459.0091875
Germany,Total oil products production,93033.812,739.487,22151.9735,14966.045,31746.825765920414,-16.533095144717706,-5.836575875486383,33.281369432970486,7916.246130952381
Greece,Crude oil,1665.244,0.0,653.3076428571429,29.377,818.2803837525536,-21.507969416373154,-5.836575875486383,35.69498644316384,785.2378452380952
Greece,Gasoline and diesel,4341.023499999999,439.0,1765.6071666666664,516.798,2230.7151543173504,-36.328482076719816,-15.053850827596083,45.0673977403302,1118.173111111111
Greece,Liquified Petroleum Gas,523.935,47.0,206.56033333333332,48.746,274.8559102699691,-33.371527458233636,-5.836575875486383,49.657399300595586,598.4908333333333
Greece,Middle distillates,1169.736,0.0,861.6755,1138.4830000000002,574.8115492376611,-2.13667943179362,-3.5173974804092345,4.830734706521866,883.0672291666666
Greece,Naphtha,20.097,2.0,8.859,4.48,9.811069411639082,-46.3006114572598,-55.35714285714286,36.78172274034722,532.5903888888888
Greece,Other oil products,879.7965,67.444,343.0801666666667,82.0,464.8669553045079,-25.52945414470403,-5.836575875486383,59.45669470906321,643.9974444444443
Greece,Residual fuel oil,1287.7925,0.0,496.7926428571428,642.2719999999999,463.70268029046326,-15.091425381350623,-5.836575875486383,34.56281141040895,733.0661785714285
Greece,Total gas oil production,2055.741,0.0,533.7231428571429,390.50199999999995,692.2330976158318,-13.084307216448668,-5.836575875486383,35.28825981736659,745.3763452380952
Greece,Total kerosene production,1192.3745,51.408,434.5941666666666,60.0,656.271080275585,-28.270608911885347,-5.836575875486383,59.46439475556099,674.502111111111
Greece,Total oil production,4538.612,0.0,3255.21975,4241.1335,2178.4248302716924,-4.6177902532915205,-5.836575875486383,5.5729020249695775,1680.9153125000003
Greece,Total oil products production,10300.76,0.0,2951.1296428571427,2734.3405000000002,3437.4532287139164,-15.668237604877389,-5.836575875486383,33.31615434993581,1551.178511904762
Hungary,Crude oil,1960.0,-19.0,986.4285714285714,1087.5,913.5213201567616,-12.591430681343796,-5.836575875486383,35.60742158650629,897.1829166666666
Hungary,Gasoline and diesel,3886.5,279.0,1497.1666666666667,326.0,2069.3568042590755,-27.270667418305568,-5.836575875486383,57.89030961997889,1028.6929444444443
Hungary,Liquified Petroleum Gas,500.0,32.0,188.0,32.0,270.19992598074487,-33.1455252918288,-5.836575875486383,52.43638086928064,592.3040555555555
Hungary,Middle distillates,983.0,1.0,634.875,777.75,434.7317899195625,2.9499773962862976,-5.836575875486383,20.248366036550546,807.3837291666666
Hungary,Naphtha,1002.0,67.0,388.0,95.0,531.9238667328249,-41.94307405395367,-29.47368421052632,43.69657761710108,658.9707222222222
Hungary,Other oil products,655.0,33.0,244.33333333333334,45.0,355.69837409430664,-21.478257190972915,-5.836575875486383,67.04544212713853,611.0818333333333
Hungary,Residual fuel oil,31.0,0.0,13.714285714285714,5.0,15.660079668957476,-18.54255948645305,-5.836575875486383,35.98865607079949,572.0400595238095
Hungary,Total gas oil production,1504.5,0.0,496.14285714285717,540.0,506.31715310051413,-13.348166746256878,-5.836575875486383,34.92463925832189,732.8495833333333
Hungary,Total kerosene production,200.0,21.0,83.33333333333333,29.0,101.11544557254017,-19.08044592674943,-5.836575875486383,64.82041550774093,557.4151666666666
Hungary,Total oil production,3775.0,-1.0,2671.375,3455.75,1788.5609380635221,-0.2041816801288454,-1.203791984836644,6.705451105327497,1486.3837291666666
Hungary,Total oil products production,7753.0,18.0,2007.5714285714287,1554.0,2620.600876207774,-12.570549083102941,-5.836575875486383,36.47518288766976,1235.8019642857143
Iceland,Crude oil,0.0,0.0,0.0,0.0,0.0,-5.836575875486383,-5.836575875486383,0.0,567.468630952381
Iceland,Gasoline and diesel,371.43600000000004,20.06,138.42100000000002,23.767,201.80542146087157,-38.34505095241337,-15.597256700467032,48.101550886125544,575.7777222222222
Iceland,Liquified Petroleum Gas,2.686,0.136,1.0246666666666666,0.252,1.4399254610337762,-47.495447088958336,-46.031746031746025,42.409669951591894,529.9789444444444
Iceland,Middle distillates,0.0,0.0,0.0,0.0,0.0,-5.836575875486383,-5.836575875486383,0.0,595.8420624999999
Iceland,Naphtha,0.0,0.0,0.0,0.0,0.0,-5.836575875486383,-5.836575875486383,0.0,529.6373888888888
Iceland,Other oil products,10.198,0.152,3.504666666666667,0.164,5.796599807933383,-32.15045023411194,-5.836575875486383,57.87729272453922,530.805611111111
Iceland,Residual fuel oil,0.0,0.0,0.0,0.0,0.0,-5.836575875486383,-5.836575875486383,0.0,567.468630952381
Iceland,Total gas oil production,105.619,0.0,16.96257142857143,0.0,39.220335447558924,-12.441535906177416,-5.836575875486383,39.629923070675524,573.1228214285713
Iceland,Total kerosene production,160.58100000000002,16.263,65.495,19.641,82.36421108709777,-36.93469414263938,-17.198716969604387,44.38866417203008,551.4690555555554
Iceland,Total oil production,0.0,0.0,0.0,0.0,0.0,-5.836575875486383,-5.836575875486383,0.0,595.8420624999999
Iceland,Total oil products production,650.52,0.0,106.2962857142857,0.0,240.99564114779773,-18.86112664561164,-5.836575875486383,32.47876835561628,602.9007261904761
Ireland,Crude oil,213.175,0.0,73.99628571428572,2.37,94.76410615261858,-6.614042719511935,-5.836575875486383,18.031542114307666,592.0212023809523
Ireland,Gasoline and diesel,3791.115,290.704,1468.1063333333332,322.5,2011.847334034154,-35.72968949780011,-9.85922480620155,48.334541746910325,1019.0061666666666
Ireland,Liquified Petroleum Gas,161.586,17.094,65.331,17.313,83.35934716035149,-31.325512603196305,-5.836575875486383,50.4379779315731,551.4143888888888
Ireland,Middle distillates,1093.949,12.537,777.02,1000.797,511.65901796280957,-0.8792543379234801,-4.230772714990561,7.9196285847609245,853.8039791666666
Ireland,Naphtha,0.41900000000000004,0.0,0.1396666666666667,0.0,0.2419097627904532,-37.224383916990924,-5.836575875486383,54.36527826610484,529.6839444444444
Ireland,Other oil products,499.10350000000005,40.684,193.49050000000003,40.684,264.66862172677367,-32.56172012917215,-5.836575875486383,51.42679866325647,594.1342222222222
Ireland,Residual fuel oil,293.60900000000004,9.266,90.93900000000001,79.101,95.15594242960692,-24.484655658198005,-5.836575875486383,41.934030832478456,596.2566309523809
Ireland,Total gas oil production,648.297,-4.207,183.91542857142855,166.584,216.7597088681821,-15.847728007011327,-5.836575875486383,33.29846874757955,628.9741071428571
Ireland,Total kerosene production,1511.589,177.184,626.963,192.116,766.1449673939,-33.633141319892694,-7.772387515875834,46.47868084802073,738.6250555555556
Ireland,Total oil production,1497.844,45.824,1122.39225,1472.9505,717.8813199001513,-2.483072205477896,-3.330079819941872,4.111906396904856,966.1541458333332
Ireland,Total oil products production,6905.7185,43.454,1734.9047857142855,1284.669,2330.0138240000824,-16.186454283756355,-5.836575875486383,33.09947586256726,1143.700988095238
Israel,Crude oil,168.0,0.0,28.0,0.0,62.08596191303367,-17.264220863442652,-5.836575875486383,32.88042125991602,576.8019642857142
Israel,Gasoline and diesel,3491.0,277.0,1363.0,321.0,1843.0333692041497,-36.78288931318262,-13.70716510903427,46.94967472681217,983.9707222222222
Israel,Liquified Petroleum Gas,584.0,44.0,226.66666666666666,52.0,309.4855947105347,-37.43902722368689,-15.384615384615385,46.71279792455374,605.1929444444444
Israel,Middle distillates,0.0,0.0,0.0,0.0,0.0,-5.836575875486383,-5.836575875486383,0.0,595.8420624999999
Israel,Naphtha,407.5,42.0,163.83333333333334,42.0,211.02152338880822,-31.843275803076242,-5.836575875486383,50.18447143805113,584.2484999999999
Israel,Other oil products,541.5,46.0,211.16666666666666,46.0,286.0770583834596,-32.44721812039143,-5.836575875486383,51.22879617639594,600.0262777777778
Israel,Residual fuel oil,509.5,0.0,85.07142857142857,0.0,188.2578968178645,-19.02827119492909,-5.836575875486383,31.8374933695007,595.8257738095238
Israel,Total gas oil production,3346.0,0.0,556.5714285714286,0.0,1236.8370759242919,-17.67313549781667,-5.836575875486383,32.6446436539473,752.9924404761904
Israel,Total kerosene production,932.0,86.0,373.6666666666667,103.0,483.605555523645,-37.09664269949857,-16.504854368932044,45.22072758959088,654.1929444444444
Israel,Total oil production,0.0,0.0,0.0,0.0,0.0,-5.836575875486383,-5.836575875486383,0.0,595.8420624999999
Israel,Total oil products production,9811.5,0.0,1643.7857142857142,0.0,3623.7933377556046,-18.49405947587482,-5.836575875486383,31.97192094865384,1115.3972023809524
Italy,Crude oil,6926.404,15.268,3797.815357142857,5454.4085,3334.2183992066857,-15.64643697233807,-5.836575875486383,34.13192431731642,1832.6800357142856
Italy,Gasoline and diesel,26613.4125,2190.334,10356.770166666667,2266.564,14078.71683494874,-33.56106449453153,-5.836575875486383,50.17743581185689,3981.894111111111
Italy,Liquified Petroleum Gas,2894.429,294.613,1166.3590000000002,310.035,1496.5723848835376,-30.141096548664095,-5.836575875486383,51.980237034389766,918.4237222222222
Italy,Middle distillates,4774.11,128.733,3612.410375,4773.39925,2322.451622175705,-2.9128907532807946,-2.914192598239551,3.3759814540183517,1789.2511041666667
Italy,Naphtha,3517.51,154.949,1306.3253333333334,246.517,1915.4893362356088,-45.32433146965899,-37.14469995984049,44.14956968546389,965.0791666666668
Italy,Other oil products,4103.562,280.499,1559.2476666666669,293.682,2203.450706954057,-31.433745632811707,-5.836575875486383,53.71934929857038,1049.386611111111
Italy,Residual fuel oil,1364.939,50.357,750.7481428571429,966.484,621.9743066765778,-18.861558730181027,-5.836575875486383,34.67138772704226,808.9287738095237
Italy,Total gas oil production,7598.1435,-86.843,1922.9377142857143,1536.298,2576.938706868447,-14.743298833928852,-5.836575875486383,34.11968598993869,1212.58325
Italy,Total kerosene production,3549.296,315.711,1421.2936666666665,398.874,1843.3731226060372,-23.53334947855717,-5.836575875486383,60.69019558503793,1003.4019444444443
Italy,Total oil production,16239.082,382.795,12102.944625,15894.95075,7817.921787260254,-1.9626230160095182,-2.6468812927505803,4.610701976348254,4598.257354166667
Italy,Total oil products production,49242.837,367.527,12219.64492857143,9049.5235,16681.353692896195,-15.114162235638162,-5.836575875486383,33.93149099817143,4623.182321428571
Japan,Crude oil,54684.8215,-205.471,23189.570642857143,355.201,28861.04611285631,-16.278669155611116,-5.836575875486383,33.53453480083016,8307.109845238096
Japan,Gasoline and diesel,35722.259,3230.098,14114.747666666664,3391.886,18712.8285770573,-33.70375619765884,-5.836575875486383,49.194072110898695,5234.553277777777
Japan,Liquified Petroleum Gas,10852.039,1191.432,4440.275000000001,1277.354,5552.916696772337,-33.59750042478508,-6.726561313465185,47.31467440228525,2009.7290555555555
Japan,Middle distillates,4911.148999999999,-537.3933,3497.018675,4807.1595,2690.055380863119,-3.4602720208830733,-3.9527607260866073,2.8593496367551023,1806.2977291666668
Japan,Naphtha,29701.533499999998,2400.293,11533.694166666666,2499.256,15733.888201909996,-33.79390179471209,-5.836575875486383,50.05772979320988,4374.202111111111
Japan,Other oil products,10404.868999999999,715.443,3979.6189999999992,818.545,5564.668514608574,-36.85513280052056,-12.595764435675495,47.99123280103513,1856.1770555555552
Japan,Residual fuel oil,7763.594499999999,21.166,1781.7629285714283,1068.116,2666.528168386757,-18.9730123522424,-5.836575875486383,33.02259790638505,1160.3817023809522
Japan,Total gas oil production,28363.561999999998,-59.678,5470.215999999999,1634.527,10133.461605772547,-16.858454426976397,-5.836575875486383,32.585699225989465,2393.7157738095234
Japan,Total kerosene production,17462.358,2699.691,7629.453666666667,2726.312,8515.555348347772,-29.79681340009776,-5.836575875486383,47.53151152503946,3072.788611111111
Japan,Total oil production,67313.117,-537.3933,49837.223175,66286.5845,33587.35547303532,-3.4067743626436027,-3.4710160189580286,2.807653675847529,17253.0325625
Japan,Total oil products production,140270.21500000003,-537.3933,29287.41231428572,12672.381,49203.75617059221,-16.39055820769176,-5.836575875486383,32.507914548781415,10355.529559523811
Latvia,Crude oil,0.0,0.0,0.0,0.0,0.0,-5.836575875486383,-5.836575875486383,0.0,567.468630952381
Latvia,Gasoline and diesel,1074.6779999999999,82.396,417.14399999999995,94.358,569.4725570455523,-36.577902674426774,-12.677250471608136,47.44479011602867,668.6853888888888
Latvia,Liquified Petroleum Gas,76.343,8.23,31.702333333333332,10.534,38.67711137524794,-22.353713981416604,-5.836575875486383,60.32778706206208,540.2048333333333
Latvia,Middle distillates,359.559,-3.6,261.54375,345.108,177.06784161515608,-1.1444928000932386,-2.2366292914191566,5.703936397233307,683.3233124999999
Latvia,Naphtha,0.0,0.0,0.0,0.0,0.0,-5.836575875486383,-5.836575875486383,0.0,529.6373888888888
Latvia,Other oil products,67.695,1.586,23.768999999999995,2.026,38.04166803650965,-25.25032181926448,-5.836575875486383,64.91496828074955,537.5603888888888
Latvia,Residual fuel oil,0.0995,0.0,0.014214285714285716,0.0,0.03760746506441811,-19.288493607559758,-5.836575875486383,35.59042897596614,567.473369047619
Latvia,Total gas oil production,156.96550000000002,4.0,34.92735714285715,17.085,54.15557851744845,-11.546644917664656,-5.836575875486383,38.938417247922175,578.9206071428571
Latvia,Total kerosene production,106.80949999999999,10.189,43.13249999999999,12.399,55.15696938511034,-24.86903478032148,-5.836575875486383,58.44756301070155,544.0148888888888
Latvia,Total oil production,399.796,-2.6,286.789875,374.98175000000003,193.4222122354682,-0.6551779878269937,-0.8663969691881657,5.992897016348124,691.6553541666666
Latvia,Total oil products production,1482.5905,-2.6,410.87728571428573,365.9275,497.9867176628859,-15.093075733776823,-5.836575875486383,34.01981916324611,704.5515357142857
Lithuania,Crude oil,431.75,2.0,183.24285714285716,27.55,217.88674892508462,-18.144081678416022,-5.836575875486383,32.623130523183505,628.368630952381
Lithuania,Gasoline and diesel,1830.1,145.2,709.8333333333334,154.2,970.1898285043671,-34.41579422243871,-5.836575875486383,49.50065821752605,766.2485
Lithuania,Liquified Petroleum Gas,129.2,12.1,52.43333333333333,16.0,66.51047536541392,-21.413281946469777,-5.836575875486383,62.8966908935957,547.1151666666666
Lithuania,Middle distillates,408.9,-3.3,298.9625,395.125,201.6615868850585,-3.5710106750871913,-5.266050226811419,3.808604966139838,695.7712291666667
Lithuania,Naphtha,1.25,0.0,0.4166666666666667,0.0,0.7216878364870322,-37.224383916990924,-5.836575875486383,54.36527826610484,529.7762777777778
Lithuania,Other oil products,210.35,6.1,75.14999999999999,9.0,117.09561264197733,-44.59340492806118,-32.22222222222223,46.20179404590393,554.6873888888889
Lithuania,Residual fuel oil,129.4,0.3,56.550000000000004,27.200000000000003,56.75734166901524,-18.52215867190844,-5.836575875486383,38.616405709087665,586.2472023809523
Lithuania,Total gas oil production,269.6,23.4,102.32857142857142,95.2,86.49459933594534,-6.423010171006831,-5.836575875486383,41.85364325809197,599.1210119047619
Lithuania,Total kerosene production,88.7,6.1,34.233333333333334,7.9,47.17810226506926,-23.150421762402534,-5.836575875486383,63.12228263501066,541.0485
Lithuania,Total oil production,1093.4,53.7,824.0625,1074.575,513.6553244070061,-2.5342422753411697,-3.13881813877388,3.938939139064199,866.0545625
Lithuania,Total oil products production,2556.4,49.9,718.157142857143,645.2,851.1703293253412,-15.848548039400187,-5.836575875486383,33.71040916731738,804.4781547619048
Luxembourg,Crude oil,0.0,0.0,0.0,0.0,0.0,-5.836575875486383,-5.836575875486383,0.0,567.468630952381
Luxembourg,Gasoline and diesel,1561.9450000000002,108.503,594.6523333333333,113.509,837.7037616301681,-34.326547186376374,-5.836575875486383,50.586363161108686,727.8548333333333
Luxembourg,Liquified Petroleum Gas,0.0,0.0,0.0,0.0,0.0,-5.836575875486383,-5.836575875486383,0.0,529.6373888888888
Luxembourg,Middle distillates,65.4855,9.309,47.589375,57.781499999999994,25.897258083225076,-7.2013435231208485,-6.472891628636596,1.9744619713346747,610.9294375
Luxembourg,Naphtha,0.0,0.0,0.0,0.0,0.0,-5.836575875486383,-5.836575875486383,0.0,529.6373888888888
Luxembourg,Other oil products,54.069,2.113,19.817666666666668,3.271,29.668175160149865,-15.708336549070518,-5.836575875486383,75.93063499887096,536.2432777777777
Luxembourg,Residual fuel oil,0.0925,0.0,0.013214285714285715,0.0,0.03496171375335352,-19.288493607559758,-5.836575875486383,35.59042897596614,567.4730357142856
Luxembourg,Total gas oil production,341.983,-0.841,60.44007142857142,7.411,124.74965871510717,-13.477962253382618,-5.836575875486383,34.823131386392255,587.655369047619
Luxembourg,Total kerosene production,528.8505,44.535,208.97116666666668,53.528,277.06011880561834,-25.74079163326472,-5.836575875486383,58.484006589542304,599.2944444444444
Luxembourg,Total oil production,72.037,8.468,52.6905,65.1285,29.760929292166484,-6.470932749601063,-5.836575875486383,1.5392803557299577,612.6998958333332
Luxembourg,Total oil products production,2486.94,8.468,440.5505714285714,72.037,905.0424893373528,-17.305502907324843,-5.836575875486383,33.28947858889299,713.9155833333333
Mexico,Crude oil,95624.21549999999,-167.0,17144.673642857142,2750.0,34743.03846815905,-15.26162668430606,-5.836575875486383,33.807509932847154,6290.312226190475
Mexico,Gasoline and diesel,13069.0,1167.0,5172.333333333333,1281.0,6838.951479088979,-34.97801739866653,-8.899297423887587,47.84657503642525,2253.7484999999997
Mexico,Liquified Petroleum Gas,4677.0,466.0,1888.0,521.0,2415.501397225843,-28.02344961819013,-5.836575875486383,54.424117761961774,1158.970722222222
Mexico,Middle distillates,639.0,-31.0,437.0,570.0,315.74145541354983,-7.479440593817166,-5.836575875486383,4.657718122299809,744.0920624999999
Mexico,Naphtha,1274.5,85.0,486.1666666666667,99.0,682.7525784157342,-27.565568522930572,-5.836575875486383,58.03614003298967,691.6929444444444
Mexico,Other oil products,2796.5,201.0,1090.1666666666667,273.0,1478.166459954133,-20.942708159895044,-5.836575875486383,65.63368374362109,893.0262777777776
Mexico,Residual fuel oil,4162.5,224.0,936.5714285714286,463.5,1428.6804059624224,-12.2772599386236,-5.836575875486383,37.69297132240856,868.9924404761904
Mexico,Total gas oil production,26039.671000000002,-35.0,4779.238714285714,891.0,9417.394791655046,-15.909379995050262,-5.836575875486383,33.201525401835546,2162.2148690476192
Mexico,Total kerosene production,3411.0,379.0,1393.0,389.0,1747.6464173281734,-30.695647445644884,-5.836575875486383,50.57466594120852,993.9707222222222
Mexico,Total oil production,4908.0,36.0,3670.0,4868.0,2422.744999650878,-2.743310847441088,-3.041390112548281,3.604809940491869,1816.1753958333334
Mexico,Total oil products production,55430.171,203.0,10337.810142857143,2175.0,19963.699383676867,-15.081154160059238,-5.836575875486383,33.56718491820755,4003.738678571429
Netherlands,Crude oil,6592.451,-234.869,2496.289142857143,917.0595000000001,2936.6268469286147,-9.122621003663225,-5.836575875486383,44.23175127637433,1410.74925
Netherlands,Gasoline and diesel,6137.3814999999995,469.932,2363.5608333333334,483.369,3268.231472274046,-31.773448326347477,-5.836575875486383,52.6347654335652,1317.491
Netherlands,Liquified Petroleum Gas,2004.6465,198.02,802.4528333333334,204.692,1041.1356002106947,-30.86305614213565,-5.836575875486383,51.5257178651657,797.1216666666666
Netherlands,Middle distillates,3467.359,51.859,2539.26325,3318.9175,1659.8115887048493,-2.5956130488520217,-4.796807006579157,5.189007576623836,1437.9415625
Netherlands,Naphtha,6506.893,440.576,2469.3423333333335,460.558,3496.6357201610713,-31.510079169536173,-5.836575875486383,53.701225724686495,1352.7515
Netherlands,Other oil products,2958.788,278.718,1195.0330000000001,347.593,1527.8447946126596,-23.90173770584705,-5.836575875486383,59.730950700936454,927.9817222222222
Netherlands,Residual fuel oil,2233.854,0.0,931.6362857142857,16.368,1157.7404663892312,-18.300630236540027,-5.836575875486383,36.15298971836312,877.2346309523809
Netherlands,Total gas oil production,3874.2529999999997,22.213,1089.3827142857142,713.881,1296.966412733025,-20.5162986495155,-5.836575875486383,34.09406969753738,929.5384404761904
Netherlands,Total kerosene production,2785.114,245.305,1100.0936666666666,269.862,1459.3220701313103,-29.00601817806891,-5.836575875486383,54.43467062661274,896.3352777777777
Netherlands,Total oil production,16309.994,21.685,11122.661,14079.4825,7475.084447330122,-2.555485876355279,-5.836575875486383,12.592031498506717,4301.588645833333
Netherlands,Total oil products production,24267.082499999997,256.554,8061.5109999999995,8926.995,8166.056620783258,-14.998651952755596,-5.836575875486383,34.36714517132778,3242.4221071428574
New Zealand,Crude oil,925.0,-73.0,192.07142857142858,77.0,331.28417164264334,-25.291119044358187,-5.836575875486383,33.994851085592764,634.968630952381
New Zealand,Gasoline and diesel,3271.0,260.0,1279.6666666666667,308.0,1724.7122465308041,-37.334970250212926,-15.58441558441559,46.371791265681935,956.1929444444444
New Zealand,Liquified Petroleum Gas,175.5,15.0,68.5,15.0,92.66471820493493,-32.42985577615928,-5.836575875486383,51.198772576419074,552.4707222222222
New Zealand,Middle distillates,410.0,63.0,254.625,272.75,143.29071556338417,9.99267119666205,-0.5730721778932857,25.135232350495315,675.4670624999999
New Zealand,Naphtha,0.0,0.0,0.0,0.0,0.0,-5.836575875486383,-5.836575875486383,0.0,529.6373888888888
New Zealand,Other oil products,333.0,9.0,122.0,24.0,182.88520989954327,-53.709789556093064,-62.5,44.13951477846737,570.3040555555555
New Zealand,Residual fuel oil,62.5,3.0,19.642857142857142,14.0,20.92987156696199,-4.232431551363121,-5.836575875486383,45.751357052902684,573.6352976190476
New Zealand,Total gas oil production,2201.0,24.0,470.57142857142856,221.0,766.4219588761918,-17.08772312080496,-5.836575875486383,32.84852591742886,723.1829166666666
New Zealand,Total kerosene production,701.0,112.0,315.0,132.0,334.4353450220236,-24.000752518240045,-5.836575875486383,53.3135529097247,634.6373888888888
New Zealand,Total oil production,824.5,22.0,600.375,777.5,387.7029307343446,-2.782438971307669,-5.836575875486383,9.653186210058145,794.1337291666666
New Zealand,Total oil products production,6744.0,95.0,1452.2857142857142,655.0,2343.535343185996,-14.682541410649096,-5.836575875486383,34.6144252682035,1047.0400595238095
Norway,Crude oil,92513.1035,-320.296,16421.527928571428,2467.839,33718.17401664045,-9.914355653146467,-5.836575875486383,38.24307328407131,6056.563464285713
Norway,Gasoline and diesel,4924.815500000001,341.042,1885.0121666666666,389.179,2632.65693201765,-36.76767556891127,-12.368858545810546,48.02829834706306,1157.9747777777777
Norway,Liquified Petroleum Gas,1338.3899999999999,113.109,563.09,237.771,674.3164843461858,4.276196519763744,-5.836575875486383,101.26089973197217,717.3340555555556
Norway,Middle distillates,892.471,-15.291,592.986375,747.38275,415.3950157724121,3.0492821402983106,-5.836575875486383,19.393075428621252,794.7784374999999
Norway,Naphtha,0.0,0.0,0.0,0.0,0.0,-5.836575875486383,-5.836575875486383,0.0,529.6373888888888
Norway,Other oil products,1947.569,72.302,718.3679999999999,135.233,1064.9842259352952,-48.47604431907706,-46.53523917978599,43.64224894792457,769.0933888888889
Norway,Residual fuel oil,73.16,0.796,31.56157142857143,30.217,31.314946478516948,-10.120531023730738,-5.836575875486383,44.52452101326127,577.95125
Norway,Total gas oil production,700.81,-5.362,194.18685714285715,164.38400000000001,237.23697782346142,-12.146147548622356,-5.836575875486383,36.377292855082516,632.4529166666665
Norway,Total kerosene production,505.6895,69.809,216.81449999999998,74.945,250.1862682937455,-32.62308076471236,-6.853025552071513,45.51815351914127,601.9088888888888
Norway,Total oil production,3922.467,-391.006,2524.68225,3283.634,1972.5477195237254,3.3053436467957056,2.927507462480061,10.574195819146327,1469.9866458333333
Norway,Total oil products production,9447.491,-70.71,2174.1164285714285,1258.7469999999998,3255.1996923783267,-12.948024770240679,-5.836575875486383,36.77498438063866,1295.54125
Poland,Crude oil,6976.614,0.0,3090.9840714285715,898.642,3538.6747754774005,-16.18731259281019,-5.836575875486383,33.10272563282638,1597.7966547619046
Poland,Gasoline and diesel,18712.3115,1377.505,7245.090166666666,1645.454,9931.808646837271,-37.77578157130685,-16.284198768242675,46.56635132514376,2944.667444444444
Poland,Liquified Petroleum Gas,2508.0135,203.18,981.5885,233.572,1322.0101659536322,-36.511793821898216,-13.011833610193001,47.05404899939705,856.8335555555554
Poland,Middle distillates,2692.496,-25.441,1987.180625,2640.83375,1342.4978553730466,-3.7753386411268934,-4.734818027295789,2.84953804940989,1260.3556875
Poland,Naphtha,1203.5005,102.733,475.5948333333334,120.551,630.4477495836459,-36.866781702566286,-14.780466358636591,46.217117069613714,688.169
Poland,Other oil products,3014.3625,154.922,1108.8435000000002,157.246,1650.2282705022208,-34.032651948037916,-5.836575875486383,52.65684382342111,899.251888888889
Poland,Residual fuel oil,241.291,0.0,70.38885714285713,60.397,79.73136205916417,-5.085846747648676,-5.836575875486383,49.837111183736255,590.9315833333333
Poland,Total gas oil production,4983.791499999999,7.331,1169.2745,749.436,1705.286635144685,-14.471084976060888,-5.836575875486383,34.2594508737825,956.8777023809523
Poland,Total kerosene production,776.446,98.26,337.00233333333335,136.301,381.04439577342345,-38.73055214619638,-27.90955312140042,39.43416513557351,641.9715
Poland,Total oil production,10766.89,-30.834,7962.538625,10557.04925,5329.835231078747,-2.936104973511586,-3.9197284651378226,3.7144334336496008,3252.5911041666664
Poland,Total oil products production,31439.716500000002,-30.834,6838.180785714286,3736.066,10932.112089246226,-17.206247309480855,-5.836575875486383,32.96317408269814,2848.330511904762
Portugal,Crude oil,887.954,-114.884,350.4315714285714,0.0,475.1517070185259,-3.7406000151521037,-5.836575875486383,5.715058992692883,689.7498214285714
Portugal,Gasoline and diesel,4722.9785,394.845,1841.0331666666668,405.276,2495.8433203391564,-33.27647880059003,-5.836575875486383,50.37937222244296,1143.315111111111
Portugal,Liquified Petroleum Gas,835.115,41.531,306.83933333333334,43.872,457.50164487609584,-31.742245022667245,-5.836575875486383,55.10554572829003,631.9171666666666
Portugal,Middle distillates,1263.795,59.533,911.9826250000001,1162.30125,570.4470340939312,-3.39890280225616,-5.836575875486383,7.323501037934119,894.8751874999999
Portugal,Naphtha,518.3215,0.607,173.18483333333333,0.626,298.8971212617869,-34.19643960747861,-5.836575875486383,57.06253568915858,587.3656666666666
Portugal,Other oil products,600.4135,42.113,228.84316666666666,44.003,321.7907355488708,-31.444883671034415,-5.836575875486383,53.54559389016644,605.9184444444444
Portugal,Residual fuel oil,530.864,-98.026,144.08857142857144,114.271,200.08226258538193,-18.417220823213086,-5.836575875486383,40.775846835505575,620.1660595238094
Portugal,Total gas oil production,1032.3155,15.685,269.34514285714283,197.884,345.3519196431752,-14.277016765676219,-5.836575875486383,34.87713360986621,656.5034404761903
Portugal,Total kerosene production,1151.1685,112.482,465.1031666666667,131.659,594.2273727569132,-26.338836881891737,-5.836575875486383,56.50124329467302,684.6717777777777
Portugal,Total oil production,2735.33,-144.2,1958.25725,2620.9495,1403.0736995699535,-4.358778743401198,-4.4573473678233055,1.7139879077909232,1260.6111458333332
Portugal,Total oil products production,9391.176500000001,-29.316,2321.501071428572,1692.027,3197.3027758329686,-16.42754892249452,-5.836575875486383,33.721055891264875,1342.6983214285715
Slovakia,Crude oil,1037.654,0.124,392.6377857142857,46.565,479.43516007518826,-12.46569125446886,-5.836575875486383,38.32726199634873,696.1305119047619
Slovakia,Gasoline and diesel,1966.8229999999999,148.504,760.0203333333333,164.734,1045.1532712623223,-35.77106107842102,-9.852246652178675,48.41203065919318,782.9775
Slovakia,Liquified Petroleum Gas,89.1525,9.612,36.66583333333333,11.233,45.46201209343174,-35.889170769384535,-14.430695272856763,44.81637537362459,541.8593333333332
Slovakia,Middle distillates,339.861,33.25,247.59187500000002,308.62825,143.65578928836285,-2.453632359113361,-5.836575875486383,8.83135208803859,675.6018541666666
Slovakia,Naphtha,534.83,34.98,203.63766666666666,41.103,286.83731282093225,-27.263963899044754,-5.836575875486383,58.50295768982643,597.516611111111
Slovakia,Other oil products,23.941,-4.355,6.992999999999999,1.393,14.956132655202012,-129.79510020991628,-94.18152959358423,145.0815213150677,531.9683888888889
Slovakia,Residual fuel oil,103.577,-30.360500000000002,36.18342857142857,10.959,54.39052686852477,-4.14509280120351,-5.836575875486383,46.50929513859456,580.6842261904761
Slovakia,Total gas oil production,607.068,15.679,184.28207142857144,175.984,200.02838835409267,-17.216068287536824,-5.836575875486383,33.07180631701507,628.149369047619
Slovakia,Total kerosene production,33.183,2.162,12.651000000000002,2.608,17.78263189182074,-26.23071477112603,-5.836575875486383,59.727905413566326,533.8543888888888
Slovakia,Total oil production,1717.035,116.944,1206.605125,1496.22075,734.2610127507311,1.2253161077489805,-0.8936256144402299,8.858152284906993,988.2984374999999
Slovakia,Total oil products production,3224.6369999999997,70.379,832.3298571428571,652.3140000000001,1083.0746191351773,-16.535670918632867,-5.836575875486383,33.39526127533618,841.5605357142857
Slovenia,Crude oil,0.0,0.0,0.0,0.0,0.0,-5.836575875486383,-5.836575875486383,0.0,567.468630952381
Slovenia,Gasoline and diesel,1640.5,119.0,635.8333333333334,148.0,870.1876713291986,-38.803176908700166,-19.594594594594593,45.70566800478498,741.5818333333333
Slovenia,Liquified Petroleum Gas,80.5,7.0,31.833333333333332,8.0,42.14953538692133,-36.13289589224288,-12.5,46.822756771525,540.2484999999999
Slovenia,Middle distillates,469.5,-6.0,339.625,447.5,230.95359382352117,-4.886913029371478,-5.836575875486383,2.202787869823808,709.5503958333333
Slovenia,Naphtha,0.0,0.0,0.0,0.0,0.0,-5.836575875486383,-5.836575875486383,0.0,529.6373888888888
Slovenia,Other oil products,176.0,10.0,65.66666666666667,11.0,95.55277773740193,-30.0515858978894,-5.836575875486383,56.21695293460523,551.5262777777778
Slovenia,Residual fuel oil,1.5,0.0,0.21428571428571427,0.0,0.5669467095138409,-19.288493607559758,-5.836575875486383,35.59042897596614,567.5400595238095
Slovenia,Total gas oil production,396.5,7.0,129.14285714285714,139.0,132.71608615314696,-15.882049008343957,-5.836575875486383,33.704387128828955,610.1829166666666
Slovenia,Total kerosene production,15.5,1.0,5.833333333333333,1.0,8.371578903249574,-33.12832099075353,-5.836575875486383,52.4066283563397,531.5818333333333
Slovenia,Total oil production,651.5,-1.0,473.625,622.0,316.84943190733355,-4.4970665250111175,-4.656044651803221,1.5683678945992736,753.8003958333333
Slovenia,Total oil products production,2310.5,-1.0,653.7142857142857,611.0,776.1784511922745,-18.52410099140347,-5.836575875486383,32.33752934457453,785.4210119047618
South Korea,Crude oil,15754.452,-0.729,6822.371,1126.8575,8105.196957068805,-13.93396561314471,-5.836575875486383,34.706977292604236,2841.627011904762
South Korea,Gasoline and diesel,21401.010000000002,1830.221,8423.409000000001,2038.996,11239.416912658638,-35.51603824139948,-10.239107874659881,47.64451068738252,3337.4403888888896
South Korea,Liquified Petroleum Gas,10229.280999999999,802.443,3988.890666666666,934.948,5404.74264216404,-36.956367602347754,-14.172445954213497,46.86767989993334,1859.2676111111111
South Korea,Middle distillates,3118.58,120.715,2117.66675,2615.686,1354.3337784788937,1.2753128820263304,-5.836575875486383,14.875449832819555,1291.6713958333335
South Korea,Naphtha,41404.363,3384.97,16075.38,3436.807,21935.55804235121,-33.01475799589394,-5.836575875486383,50.868454634340196,5888.097388888888
South Korea,Other oil products,4763.824500000001,423.68,1871.9475000000002,428.338,2504.4400295450782,-32.644187237413675,-5.836575875486383,50.6007473579547,1153.619888888889
South Korea,Residual fuel oil,1523.4160000000002,-219.831,825.2380714285715,1341.19,771.2745367781625,-21.525089178534568,-5.836575875486383,32.064761503139884,853.0161309523809
South Korea,Total gas oil production,8590.958999999999,85.039,1890.0614999999998,933.982,2971.917011469406,-16.250007312839926,-5.836575875486383,33.39074336232703,1193.4396547619046
South Korea,Total kerosene production,6976.851000000001,856.952,2907.4533333333334,888.557,3524.2371864150027,-32.21922591591835,-5.836575875486383,47.68398111262398,1498.7884999999999
South Korea,Total oil production,24339.81,-137.009,17868.54375,23635.686999999998,12008.482248445758,-2.0872195188226863,-2.5651110675971034,4.399156548557082,6563.440729166666
South Korea,Total oil products production,94889.70449999999,-136.28,19558.368857142857,8322.9905,33372.77621101627,-15.491834030533854,-5.836575875486383,33.81841240955182,7093.414440476189
Spain,Crude oil,5195.292,-537.3933,2075.184242857143,3.364,2763.0980868111274,-8.258841518571407,-5.836575875486383,46.24917433885204,1284.7868690476191
Spain,Gasoline and diesel,28663.260000000002,2289.539,11210.065666666667,2677.398,15116.15370981634,-36.99404030321352,-14.486415542254083,46.67613179974814,4266.325944444445
Spain,Liquified Petroleum Gas,1886.246,187.44,758.9593333333333,203.192,976.2906601055515,-34.2721845715731,-7.752273711563451,47.602513818181436,782.6238333333332
Spain,Middle distillates,6109.989,-186.048,4483.646625,6005.32275,3113.730352702135,-2.6594828858411415,-3.6497568586514206,4.009190266924873,2105.8949375
Spain,Naphtha,1628.4814999999999,134.563,636.1171666666665,145.307,859.4295119078022,-34.769241267253655,-7.394000289043201,48.770294570861665,741.6764444444443
Spain,Other oil products,3328.8665,162.616,1266.7801666666667,308.858,1787.315505228745,-3.67355652865218,-5.836575875486383,92.54188783341299,951.8974444444444
Spain,Residual fuel oil,1731.1035,-137.443,675.7922857142858,824.381,664.8800456619887,-22.35429186179359,-5.836575875486383,35.078714350932295,799.2776309523808
Spain,Total gas oil production,5501.0935,-45.901,1453.305,1217.164,1850.635942502401,-16.220718164015004,-5.836575875486383,32.83620242637629,1054.0893928571427
Spain,Total kerosene production,4614.156,462.215,1873.3553333333332,543.695,2373.9526044974723,-26.063696958289047,-5.836575875486383,56.58511534626255,1154.0891666666666
Spain,Total oil production,14848.813,-537.3933,10783.818925,14411.928,7550.992172325375,-3.3335660091692225,-4.815823451187934,3.7699217745590343,4235.231145833333
Spain,Total oil products production,47353.206999999995,-316.514,12007.384714285714,9442.227,16028.30901289961,-16.496304054315377,-5.836575875486383,32.903761836886424,4585.002297619048
Sweden,Crude oil,1649.712,0.0,616.4993571428571,20.673,770.7776773802717,-4.5297409162365705,-5.836575875486383,12.635078212632056,771.983988095238
Sweden,Gasoline and diesel,5274.3295,399.257,2050.0628333333334,476.602,2792.56463051253,-37.67624789193716,-16.228425394773826,46.43991212052105,1212.9916666666666
Sweden,Liquified Petroleum Gas,803.7855,72.565,317.44916666666666,75.997,421.1831151602392,-30.69303899461211,-5.836575875486383,52.469840062414164,635.4537777777778
Sweden,Middle distillates,1954.295,-24.41,1311.340375,1657.7382499999999,901.560094135288,1.818176385198633,-1.674790332578835,10.51962389413009,1034.9896875
Sweden,Naphtha,296.28700000000003,17.102,110.36466666666668,17.705,161.0137460788157,-32.179522124182256,-5.836575875486383,53.93898714843503,566.425611111111
Sweden,Other oil products,749.5664999999999,44.547,282.70016666666663,53.987,404.3456544839864,-38.706612401384994,-17.485690999685122,47.20486487575334,623.8707777777777
Sweden,Residual fuel oil,492.242,15.122,263.9514285714286,331.264,232.28146495854057,-23.316878244819865,-5.836575875486383,35.379838932423034,654.7323452380951
Sweden,Total gas oil production,2163.1495,4.621,557.8902857142857,450.242,730.6560214974542,-15.352144907103726,-5.836575875486383,33.966841226783366,753.2120119047619
Sweden,Total kerosene production,538.4745,51.414,215.6265,56.991,279.6084745858931,-35.012847810290275,-9.785755645628258,47.15605501119147,601.5128888888888
Sweden,Total oil production,4756.891,-32.926,3455.8515,4549.7205,2330.6336627621968,-0.9842347552079245,-2.1824791976732816,5.934845556580045,1750.5363958333335
Sweden,Total oil products production,10156.8565,-53.599,3047.873714285714,3038.191,3419.1918502410754,-15.283368542236778,-5.836575875486383,34.56106609641741,1585.9788690476191
Switzerland,Crude oil,55.716,-4.94,20.750928571428574,0.0,27.633482273063496,-4.621359739133181,-5.836575875486383,9.545003137095796,574.6208452380952
Switzerland,Gasoline and diesel,4967.796,427.223,1941.6390000000001,429.898,2620.7291791394623,-32.60170659003624,-5.836575875486383,50.94107431488924,1176.8503888888888
Switzerland,Liquified Petroleum Gas,156.052,12.282,60.393,12.845,82.84360236614533,-33.99612455859216,-5.836575875486383,50.03785634592446,549.7683888888888
Switzerland,Middle distillates,2569.06,38.269,1877.272,2450.8795,1230.5952497884916,-2.634436972177795,-5.836575875486383,8.384246754584705,1218.4103125
Switzerland,Naphtha,17.343,0.0,5.981000000000001,0.6,9.844352848206936,-67.45898893710354,-96.54039093582425,53.39460241795659,531.6310555555555
Switzerland,Other oil products,324.58000000000004,14.44,117.91866666666668,14.736,178.97402583987807,-34.43508037865868,-5.836575875486383,52.88375817009743,568.9436111111111
Switzerland,Residual fuel oil,56.7255,-0.976,22.77892857142857,0.0,28.766862484504298,-5.13290496387939,-5.836575875486383,4.064354667771474,575.1080833333333
Switzerland,Total gas oil production,2110.199,14.421,757.8085714285714,927.538,725.1568226631757,-15.499960181773274,-5.836575875486383,33.74167512376875,819.3847738095237
Switzerland,Total kerosene production,1086.1915,115.428,444.3231666666666,131.35,555.9312866920544,-27.138613438133277,-5.836575875486383,54.78313019022097,677.745111111111
Switzerland,Total oil production,3648.9984999999997,46.266,2684.1483749999998,3520.6645,1762.3301892478119,-2.8597592564277106,-5.836575875486383,6.6052381616399405,1486.7026875
Switzerland,Total oil products production,8662.161499999998,51.206,2966.9223571428565,3345.48,2933.674684318865,-15.214378048334906,-5.836575875486383,33.996422690183614,1554.004369047619
Trkiye,Crude oil,7021.057,0.78,3523.522857142857,3512.3864999999996,3292.1028386876674,-13.093530463787365,-5.836575875486383,35.83809474215231,1741.939107142857
Trkiye,Gasoline and diesel,25052.9675,2291.822,9881.100833333332,2298.513,13139.222382078155,-32.132239474838805,-5.836575875486383,50.945124086944986,3823.3376666666663
Trkiye,Liquified Petroleum Gas,3893.5519999999997,340.967,1530.4893333333332,356.949,2046.487901509885,-33.715423494832166,-5.836575875486383,49.46933797253366,1039.8005
Trkiye,Middle distillates,2394.794,-65.188,1640.52025,2116.2375,1144.7438357747333,-5.994298418375884,-5.836575875486383,4.038997326639519,1148.1144791666666
Trkiye,Naphtha,1569.0945000000002,108.297,610.0155000000001,152.655,830.8828462676012,-19.325037916263245,-5.836575875486383,68.03911373204825,732.9758888888888
Trkiye,Other oil products,8516.5125,640.873,3272.5071666666668,660.136,4541.452049489633,-33.667787667904584,-5.836575875486383,50.75358619490919,1620.4731111111112
Trkiye,Residual fuel oil,1614.885,31.598,617.4295,299.0815,657.8860769674209,-11.288944558615801,-5.836575875486383,38.10575673650427,769.4255119047618
Trkiye,Total gas oil production,1938.556,-55.191,486.2814285714286,347.702,656.8425000540736,-11.705913264504293,-5.836575875486383,35.66139333740986,732.1905833333333
Trkiye,Total kerosene production,4222.148999999999,343.016,1670.8573333333331,447.407,2210.0998272753045,-22.426365859064063,-5.836575875486383,62.81952731537107,1086.5898333333332
Trkiye,Total oil production,12249.208,-28.057,9026.52675,11942.478,6038.2734408664855,-2.167434544958602,-2.47588638892986,4.266596330173223,3607.0223958333336
Trkiye,Total oil products production,45491.913,-28.837,9905.017785714284,4974.022,15804.55186968418,-12.8043870377583,-5.836575875486383,35.4079052431572,3870.5144166666664
United Kingdom,Crude oil,39307.8715,109.0,8367.410214285714,4137.0,13733.941810963463,-14.934472409487539,-5.836575875486383,35.32857069659398,3351.4148928571426
United Kingdom,Gasoline and diesel,27948.0,2240.0,10836.0,2320.0,14819.480692655867,-33.661240355436256,-5.836575875486383,50.276244657609816,4141.637388888889
United Kingdom,Liquified Petroleum Gas,2525.5,184.0,969.8333333333334,200.0,1347.2706050876836,-35.30578398647672,-7.9999999999999964,49.180482884333465,852.9151666666667
United Kingdom,Middle distillates,2612.0,255.0,1990.75,2548.0,1157.6013634523185,-2.403451581276314,-3.3870379377431927,4.277261843867088,1238.1753958333334
United Kingdom,Naphtha,104.0,3.0,37.333333333333336,5.0,57.74368652357877,-47.00962785593136,-40.0,45.088389460468754,542.0818333333333
United Kingdom,Other oil products,3415.5,166.0,1308.1666666666667,343.0,1827.1487578556194,-49.13254029901535,-51.60349854227405,42.11488632076857,965.6929444444444
United Kingdom,Residual fuel oil,290.173,0.0,142.16757142857142,215.0,125.80278306918484,-20.069969535373833,-5.836575875486383,34.22338828858864,614.8578214285715
United Kingdom,Total gas oil production,11349.5,-131.0,2320.5,997.0,4004.089586493622,-17.13836402821251,-5.836575875486383,32.91222789978801,1347.206726190476
United Kingdom,Total kerosene production,10305.0,1132.0,4214.333333333333,1206.0,5274.801828820997,-29.438171548034543,-5.836575875486383,51.96469504269371,1934.4151666666664
United Kingdom,Total oil production,9613.0,228.0,6944.875,8969.25,4490.289715504632,-1.5323884993166088,-4.7596012072370355,7.243924598678577,2891.8003958333334
United Kingdom,Total oil products production,55937.672999999995,119.0,11427.024714285713,4755.0,19704.58592205823,-16.38783756872363,-5.836575875486383,33.023803481092635,4370.810202380952
United States,Crude oil,211728.60000000044,-537.3933,95125.8152428572,100079.0,64371.30462460433,-16.024078386676596,-5.836575875486383,33.939292210968325,23592.51863095238
United States,Gasoline and diesel,189210.68550000002,14917.808,73037.83116666667,14985.0,100608.648692131,-32.7884093159527,-5.836575875486383,51.41887324133259,24875.58111111111
United States,Liquified Petroleum Gas,32714.5,1612.0,12464.166666666666,3066.0,17552.3653415525,-47.96264592171068,-47.42335290280496,42.39828899837231,4684.359611111111
United States,Middle distillates,19910.0,2132.0,14835.375,18649.75,8497.044283896606,-1.727739872150763,-5.180950726308032,7.369474310410133,5363.300395833333
United States,Naphtha,6951.0,484.0,2670.0,575.0,3707.733944068803,-26.690632026773486,-5.836575875486383,58.763409612625495,1419.637388888889
United States,Other oil products,104028.0,6343.0,39372.333333333336,7746.0,55997.84394361387,-38.83435929867343,-18.11257423186161,46.925675945852824,13653.748500000002
United States,Residual fuel oil,5842.0,-212.0,2843.8571428571427,3397.0,2687.579668808067,-13.811275831433843,-5.836575875486383,37.56401772590922,1525.5162500000001
United States,Total gas oil production,211728.60000000044,1916.0,49236.75600000006,23371.0,72366.8757116199,-14.087569072493439,-5.836575875486383,34.68444024411815,15244.16029761905
United States,Total kerosene production,67601.5,6146.0,26830.166666666668,6743.0,35310.27213975182,-29.010475583153593,-5.836575875486383,54.166179590366575,9473.026277777777
United States,Total oil production,182516.5,-299.0,128516.375,165924.0,86249.16024844823,-5.525625639058617,-5.836575875486383,2.261813002617481,20742.760812500004
United States,Total oil products production,211728.60000000044,2143.0,76601.94285714292,64447.0,63957.55161372953,-16.251225030911257,-5.836575875486383,33.381555831150365,21349.565059523815
