country,iso_code,primary_energy_consumption_max,primary_energy_consumption_min,primary_energy_consumption_mean,primary_energy_consumption_median,primary_energy_consumption_std,energy_per_capita_mean,energy_per_capita_median,energy_per_capita_std,fossil_share_energy_mean,renewables_share_energy_mean,energy_transition_index_mean
Afghanistan,AFG,42.005,4.428,13.588786885245902,11.449,7.569578431037507,834.6660819672131,794.725,414.7299857802253,,,
Albania,ALB,49.941,20.567,34.215893442622956,33.715500000000006,5.3781115810881355,11522.061647540982,11535.022,1794.6926126917201,,,
Algeria,DZA,703.068,24.833,308.5287276422764,306.8855,135.34416878586643,10659.273918699188,11116.838,2932.7899004026967,99.42532520325204,0.5746666666666667,0.005890052426826768
American Samoa,ASM,2.83,1.384,2.070404761904762,2.2885,0.4266954165600521,42153.88130952381,43023.57,10308.947300204441,,,
Angola,AGO,118.654,16.958,39.92643089430894,33.841,22.460202485504382,2240.141638211382,2087.0985,502.1757420373994,,,
Antarctica,ATA,0.986,0.046,0.5956666666666667,0.811,0.3963831397725374,,,,,,
Antigua and Barbuda,ATG,3.088,1.212,2.2515238095238095,2.136,0.5756996692507108,29099.23657142857,28929.875,4085.8122121889423,,,
Argentina,ARG,1000.973,328.528,614.7115284552846,593.3019999999999,152.66007795690587,17730.895593495934,17241.412,1865.1297343398983,87.90243495934959,10.097353658536585,0.11639200785161467
Armenia,ARM,57.757,27.312,40.04866666666667,40.956,7.065288330662965,13157.895833333334,13492.7,2480.4063678544217,,,
Aruba,ABW,6.094,0.426,4.177499999999999,4.680999999999999,1.5629827437124368,45279.484472222226,49541.66,13129.970088828395,,,
Australia,AUS,1680.256,425.76,1098.1610162601626,1084.772,262.1511218011905,60479.27480487805,61018.504,6325.70004208759,94.85747560975611,5.142524390243903,0.05446428290655836
Austria,AUT,429.028,189.498,348.6723333333333,351.81899999999996,45.738287983914006,43747.096585365856,44333.682,4541.003420472226,70.07832520325204,29.92167479674797,0.42978256602276144
Azerbaijan,AZE,260.551,125.609,173.5357894736842,165.4645,42.184861350936345,20640.07302631579,17264.0085,7113.31828083015,96.73976315789473,3.260236842105263,0.03392727923488278
Bahamas,BHS,18.257,9.014,13.357000000000001,13.1085,2.5456560896612226,42438.78778571429,39451.7675,11245.108259926506,,,
Bahrain,BHR,235.749,40.174,118.3313780487805,113.8335,35.813499924262786,147669.24602439025,148108.67200000002,8015.856975388142,,,
Bangladesh,BGD,498.503,13.407,135.49692276422766,115.04650000000001,97.23730830196611,1038.8574634146341,950.9939999999999,539.820088280031,97.8088943089431,2.1911138211382113,0.022555415978672513
Barbados,BRB,8.118,4.281,6.368672131147541,6.449,0.6193152903034813,23272.473983606556,23310.4015,1979.6733562536147,,,
Belarus,BLR,479.405,247.417,318.91821052631576,294.8835,74.43965620887177,31745.495447368423,30424.0415,6953.665951645107,99.54942105263159,0.21378947368421053,0.002175950115871046
Belgium,BEL,775.734,397.859,639.9646829268293,646.876,70.12639536127497,61211.2728699187,61171.096000000005,5388.275608433773,83.66318699186992,1.046410569105691,0.013240144329418177
Belize,BLZ,4.083,0.757,2.2401190476190473,2.4215,0.9885688646301501,8393.069142857143,8940.9625,1687.1971760496394,,,
Benin,BEN,32.679,1.36,11.584785714285713,7.339,10.356107272088796,1261.5130714285715,1032.155,793.8894559803648,,,
Bermuda,BMU,3.845,1.868,2.619,2.4685,0.5030998543178422,43317.03657142857,41360.201,7664.621538382895,,,
Bhutan,BTN,21.603,0.04,8.826809523809525,5.2315000000000005,7.217328879714147,12884.773148809523,9058.788,9269.544908247373,,,
Bolivia,BOL,93.881,19.647,44.25537398373984,41.107,15.551074194302293,5076.308719512194,4909.3285,1024.4238251295078,,,
Bosnia and Herzegovina,BIH,76.505,31.492,61.044709677419355,64.46600000000001,12.654525422929533,16103.118806451614,15370.216,4179.8850249201,,,
Botswana,BWA,25.793,4.228,14.506352459016394,14.7165,3.8572989798822337,8139.474262295082,8411.028,1178.1108624182675,,,
Brazil,BRA,3724.87,273.87,1842.914536585366,1757.03,744.7685321256607,11182.951593495935,10999.944,2862.44213585976,58.56558536585366,40.81378455284553,0.7090132490498297
British Virgin Islands,VGB,0.883,0.075,0.4276190476190476,0.4425,0.24835075042788826,18473.339523809525,19768.945,6409.92926996066,,,
Brunei,BRN,56.141,14.671,27.5795162601626,25.5265,8.742226506486608,95057.26004471545,95692.64850000001,16633.649898797714,,,
Bulgaria,BGR,354.368,119.926,240.01570731707318,232.271,39.85769510020018,30081.51254878049,30022.394500000002,3834.5547122049193,82.11884959349594,3.924890243902439,0.04969394998718434
Burkina Faso,BFA,19.995,1.705,6.9002380952380955,4.837999999999999,5.860155840804352,453.35557142857147,382.337,234.5594172872906,,,
Burundi,BDI,3.689,0.464,1.7214186991869918,1.7255,0.47271520978862863,221.75613008130082,217.245,41.06481282561778,,,
Cambodia,KHM,66.938,1.323,16.844047619047622,9.483,19.432976540334455,1168.2324761904763,786.613,1157.7162164167662,,,
Cameroon,CMR,46.575,13.799,25.09017213114754,23.5295,6.013804820965797,1727.3734426229507,1717.8465,95.44607966337979,,,
Canada,CAN,4076.074,1389.036,3182.2617357723575,3240.5815000000002,536.2524164220663,108742.2541504065,110475.69149999999,8274.25594019784,65.63632113821139,28.611829268292684,0.43754212806035014
Cape Verde,CPV,4.282,0.192,1.9385238095238098,1.4435,1.5572540911159387,3853.384547619048,3457.3315000000002,2661.758218946937,,,
Cayman Islands,CYM,3.343,0.412,1.7719047619047619,2.088,0.8717353259524112,40816.850952380955,42632.5705,9707.972692661368,,,
Central African Republic,CAF,1.561,0.804,1.3248809523809524,1.3725,0.19544897685884274,365.52671428571426,379.153,72.79109934342031,,,
Chad,TCD,7.389,0.544,2.0665348837209305,1.144,1.99984384329469,207.5084593023256,132.1465,100.01677832023641,,,
Chile,CHL,496.812,72.433,223.66323170731707,210.3545,97.47268260341936,15243.10519512195,14912.083999999999,4404.565003989893,78.05561382113821,21.94438617886179,0.2830780637734494
China,CHN,44275.914,1501.068,12267.300170731709,9753.223,9515.78422797324,9803.88331300813,8116.0715,6437.491447540899,94.1930243902439,5.467345528455285,0.058902478631508964
Colombia,COL,609.344,97.673,304.0319837398374,303.185,97.20012069858456,8144.240475609756,7982.8335,1127.374091864333,73.30609349593497,26.69390650406504,0.36946090340919124
Comoros,COM,1.342,0.107,0.5133571428571428,0.448,0.34785045998059394,844.3189047619047,773.2245,362.5438093814595,,,
Congo,COG,30.832,3.289,6.894943089430895,5.121,5.627491262238504,2297.8373780487805,2117.5384999999997,874.4509518856403,,,
Cook Islands,COK,0.501,0.123,0.28426190476190477,0.245,0.12029274444876174,16803.323595238096,14560.867999999999,6938.945311459689,,,
Costa Rica,CRI,66.162,16.158,40.21961627906977,42.9585,16.663567422972992,9798.90373255814,10696.2255,2302.9141508795014,,,
Cote d'Ivoire,CIV,65.14,18.641,33.7607868852459,33.2535,7.7861296140913225,2052.9261803278687,2056.719,184.08627400562216,,,
Croatia,HRV,110.541,80.523,97.2139393939394,96.073,8.182838436093682,21923.88618181818,22411.172,2386.8614299863716,79.64803030303031,20.351969696969697,0.2597325703999002
Cuba,CUB,148.813,99.813,121.56049999999999,121.077,9.23237233039847,11167.334311475408,11097.337,1104.7755988552235,,,
Cyprus,CYP,35.855,4.68,21.399275862068965,23.711,10.305240735874124,22866.403982758624,24325.502,7468.836508844592,,,
Czechia,CZE,656.114,442.566,529.9824482758621,504.2275,63.82685861180747,51765.18129310345,49286.021,6451.612732264348,90.39041379310345,2.351465517241379,0.028440506551186014
Democratic Republic of Congo,COD,47.359,20.976,29.689811475409837,29.262,3.344692463427475,576.8866803278687,547.1434999999999,129.44427720884426,,,
Denmark,DNK,289.889,166.208,220.14875609756098,220.39,16.62864760544061,41898.1932398374,42028.9275,3636.280432426121,89.65827642276422,10.341731707317072,0.12586614600422494
Djibouti,DJI,7.201,2.737,4.469714285714286,3.6180000000000003,1.6824903331830332,7141.351952380953,4680.651,4224.649504395867,,,
Dominica,DMA,0.85,0.147,0.5172857142857142,0.5315000000000001,0.24106949566911254,7428.747428571429,7781.3265,3480.1535215271347,,,
Dominican Republic,DOM,120.771,25.281,67.05416666666667,78.39699999999999,29.27944107649654,7502.305404761904,8447.929,2141.6505100827176,,,
East Timor,TLS,2.181,0.699,1.4742105263157896,1.263,0.6354735398763989,1262.4146842105263,1109.922,437.01666068864046,,,
Ecuador,ECU,218.717,8.657,94.24244308943089,93.52449999999999,43.979918556990555,7784.606662601626,8176.8415,2316.4652402526976,80.31743902439024,19.682560975609757,0.24684849973076808
Egypt,EGY,1105.468,73.375,452.06049186991874,404.83050000000003,236.84617331097672,6849.089991869919,6831.361000000001,1842.170616735965,92.10951219512195,7.89048780487805,0.08677568155291224
El Salvador,SLV,45.667,12.027,27.97418604651163,30.448,10.820309891820973,4753.079965116279,5112.2395,1516.9157631369833,,,
Equatorial Guinea,GNQ,33.239,0.249,13.162616279069766,2.5535,14.188714719904125,12113.610337209302,3662.8715,13016.078620213413,,,
Eritrea,ERI,5.067,1.711,3.038642857142857,2.7455,0.9400166355614538,1113.3210357142857,898.0415,524.6613883366061,,,
Estonia,EST,127.571,53.737,76.3181052631579,68.1965,22.05314095271946,53914.63844736842,49169.3575,12471.92165136998,96.89165789473684,3.108342105263158,0.03455560844893666
Eswatini,SWZ,7.131,2.091,5.398254098360655,5.656,0.9434296634841107,5057.126196721311,5121.5485,478.6919024540402,,,
Ethiopia,ETH,105.218,8.832,34.9337380952381,20.162,29.908053928796196,426.1229761904762,329.7985,211.46394645002474,,,
Falkland Islands,FLK,0.208,0.05,0.12935714285714286,0.1325,0.061404227004959976,42035.902309523815,46070.789000000004,15197.205488204037,,,
Faroe Islands,FRO,3.926,0.149,2.7797857142857145,3.0655,1.0665796377642782,58331.33195238095,65585.35949999999,21672.35058610063,,,
Fiji,FJI,9.91,3.825,6.473047619047619,6.2875,1.6673747724562287,7722.199547619048,7285.619500000001,1444.2036522621645,,,
Finland,FIN,394.928,115.404,295.98936206896553,326.84900000000005,72.57647700226012,58019.70053448276,60459.701,12173.278960664913,65.31908620689656,19.04586206896552,0.30932198712995485
France,FRA,3170.968,1309.656,2622.804227642276,2691.844,348.6789548655443,43994.30179268292,43869.220499999996,4517.341831010813,60.94524796747968,8.487117886178863,0.14307753694917066
French Guiana,GUF,5.448,0.012,2.4913095238095235,2.448,1.810372303551968,17007.303392857146,21397.5645,10050.058120250527,,,
French Polynesia,PYF,5.132,0.909,3.9616666666666664,4.16,0.9607737904536963,16001.188976190477,16159.592,3102.4175046086198,,,
Gabon,GAB,21.514,8.335,13.34679268292683,12.999500000000001,2.230522747969254,10637.296882113822,10742.6895,994.0574831764483,,,
Gambia,GMB,2.458,0.644,1.3833333333333333,1.3195000000000001,0.6484171597113467,872.288261904762,881.03,110.47724738695307,,,
Georgia,GEO,94.202,37.133,55.65808064516129,52.1995,13.883840264912763,13695.256129032257,13294.375,3854.3940528910866,,,
Germany,DEU,4382.909,2969.293,3923.273321138211,3963.0955,224.20242774757415,48740.612743902435,48950.3395,2914.706283941389,87.64087398373985,3.3854471544715445,0.04096823765000878
Ghana,GHA,114.369,14.964,40.714,37.2225,16.235631038648926,2021.5452295081968,1967.1305,334.3096691081783,,,
Gibraltar,GIB,,,,,,,,,,,
Greece,GRC,419.35,79.146,286.8135,298.5745,65.75730096380995,27453.340849593496,28326.2845,5118.364665498376,95.04149593495934,4.958504065040651,0.05348547218039985
Greenland,GRL,4.365,0.966,2.7649672131147542,2.762,0.4634781536557424,49344.788081967214,49086.705,7953.363302379877,,,
Grenada,GRD,1.347,0.18,0.8138333333333333,0.91,0.37725949642424694,7302.779880952381,8422.328000000001,3022.2685424730876,,,
Guadeloupe,GLP,10.872,0.012,5.3255,5.9995,3.6941225582822446,13355.40763095238,15126.9175,8897.786159045434,,,
Guam,GUM,20.442,2.687,10.75402380952381,10.4235,4.5962027725339265,72092.07217285715,66802.24,35255.697472089974,,,
Guatemala,GTM,100.582,15.639,48.47198360655738,48.638000000000005,15.571853681373625,3903.9341393442623,4004.4515,688.4843048233955,,,
Guinea,GIN,17.915,3.829,8.608904761904762,8.152,4.129861852112942,953.2015476190476,982.855,192.44764346600772,,,
Guinea-Bissau,GNB,1.704,0.357,1.1418333333333333,1.3045,0.37755858318920194,865.0785238095239,907.233,230.22132569400324,,,
Guyana,GUY,11.33,2.726,6.531238095238096,6.648,2.2031839798902553,8547.58319047619,8800.5185,2782.704714561893,,,
Haiti,HTI,14.597,2.911,7.863595238095239,7.297000000000001,3.408629064662885,892.8429047619048,932.6465000000001,233.37860032864324,,,
Honduras,HND,57.746,9.191,28.443238095238094,25.964,15.045187398113955,3858.5053095238095,3855.38,1045.4312540031551,,,
Hong Kong,HKG,363.676,26.302,177.04982758620687,175.26,107.10231012106132,27344.4319137931,28324.121,12704.087777579332,99.91362068965518,0.08637931034482758,0.0008649861685664781
Hungary,HUN,346.654,178.892,281.2353495934959,284.188,28.030811896438244,27478.315459349593,27795.3955,2572.2474787355995,87.94618292682927,0.8512682926829268,0.010495096133245735
Iceland,ISL,66.459,7.583,30.941224137931037,22.9125,18.98022155051873,105268.1377044828,86434.5115,46273.41120418836,30.845,69.155,2.242016534284325
India,IND,10123.443,619.451,3128.3962073170733,2686.6845000000003,2010.4636851672126,3076.546780487805,2870.5150000000003,1243.9105939937674,90.50162601626015,8.822528455284553,0.09777953709465036
Indonesia,IDN,2714.916,82.897,859.4923333333334,781.745,513.0454042978477,4135.297878048781,4043.027,1785.9759094109547,95.94256097560975,4.057439024390244,0.04272321875445982
Iran,IRN,3378.643,97.29,1148.5146056910569,991.0844999999999,741.730493706955,18030.348463414633,16605.870000000003,7677.16836877524,97.33571951219513,2.6256463414634146,0.02706082944365492
Iraq,IRQ,641.341,23.005,270.64376422764224,277.812,125.93867054375792,10929.647483739836,11468.3545,3054.5546760858824,98.617,1.383,0.014058488095982933
Ireland,IRL,197.324,67.663,131.39341463414635,128.281,28.854938122691834,35276.847349593496,35515.697,4514.1535205342925,96.33267073170732,3.667329268292683,0.03994962717161873
Israel,ISR,304.076,41.013,171.17576016260162,169.96949999999998,60.12719122023094,31079.823004065045,32189.858500000002,4635.119807520307,99.7191300813008,0.2808617886178862,0.0029036236266958256
Italy,ITA,2200.25,928.462,1797.4509430894311,1817.161,195.78100598168785,30880.094325203252,30709.197,2970.6718634598415,90.29677235772358,9.071552845528455,0.10167623450144414
Jamaica,JAM,53.391,19.781,35.810428571428574,34.823,8.261624290017531,13886.77157142857,13204.826,2763.1802519554863,,,
Japan,JPN,6263.036,1823.564,5038.645906504064,5179.7955,798.9566221882823,40518.62038617886,41020.4865,5111.715393791738,85.92281707317073,6.265626016260163,0.07280670059114554
Jordan,JOR,120.448,22.808,69.58614285714286,65.029,29.318629629383224,12432.85657142857,12618.1305,1170.0311227469322,,,
Kazakhstan,KAZ,867.129,369.747,666.7872894736843,709.3515,158.14858689372318,39620.72686842105,39849.9415,8217.813693578815,96.28036842105263,3.6926052631578945,0.03847882496529819
Kenya,KEN,103.504,28.655,53.29952325581395,45.1255,23.548334343317887,1593.690953488372,1543.1260000000002,189.15159777706572,,,
Kiribati,KIR,0.322,0.062,0.17278571428571426,0.1345,0.09650060930283713,1772.141214285714,1985.181,710.1486291414219,,,
Kuwait,KWT,461.703,46.121,176.55538211382114,146.507,100.75310857853489,94495.84273170731,93026.473,19915.415374165477,,,
Kyrgyzstan,KGZ,82.738,54.608,65.8776,66.01400000000001,6.2753097222642955,12447.297166666665,11891.4225,1849.959475945727,,,
Laos,LAO,143.983,2.082,30.228714285714286,11.505500000000001,44.29939754822732,4558.707880952381,2069.7715,6065.678594778028,,,
Latvia,LVA,106.289,37.754,52.67376315789474,44.7025,18.7783309111128,22662.72326315789,21382.422,5932.408376314733,80.68334210526316,19.316657894736842,0.24456210717875437
Lebanon,LBN,111.531,20.881,61.572809523809525,63.534,27.943472557078515,13204.150666666666,14028.978500000001,3564.167337501636,,,
Lesotho,LSO,4.892,0.463,2.413595238095238,2.4855,1.6630085587026406,1190.349238095238,1243.3319999999999,749.3931006973386,,,
Liberia,LBR,9.255,1.353,4.0180476190476195,3.5235,2.3525914611430037,1427.648642857143,871.9105,1194.277093517385,,,
Libya,LBY,263.622,104.302,178.2961829268293,178.29950000000002,24.704977159841945,34368.625093495946,34194.984500000006,2194.2070309896476,,,
Lithuania,LTU,213.451,61.163,103.97213157894737,92.5545,44.2095528004984,30175.308210526317,26880.0335,10291.473903948034,76.76457894736842,3.9323947368421055,0.046530747425857354
Luxembourg,LUX,52.553,29.185,41.43705172413793,42.034000000000006,6.389064290336229,98663.45189655172,96310.33249999999,20957.38210097126,97.8995172413793,2.10048275862069,0.02224123495538461
Macao,MAC,15.746,1.952,7.808166666666667,7.1075,4.018757203334085,16053.307119047618,16444.158,4289.373156996385,,,
Madagascar,MDG,18.687,4.376,8.609377049180328,8.284,2.44139803915392,520.058213114754,518.7205,47.29643182743387,,,
Malawi,MWI,10.432,3.248,6.746690476190476,6.646,2.3690451764792857,547.5612380952381,565.058,55.94244672169983,,,
Malaysia,MYS,1343.512,33.086,424.2772032520325,353.126,304.6781026758085,19239.09738211382,18475.264000000003,8479.254929913322,95.75988617886179,4.240113821138212,0.04445905189953033
Maldives,MDV,9.368,0.062,3.1521190476190477,2.447,3.043816901021711,8302.361595238095,8371.894,6403.096019221003,,,
Mali,MLI,25.597,1.434,8.0605,4.3215,7.902425429621701,526.7415714285714,352.1615,343.9393015938077,,,
Malta,MLT,40.333,4.434,18.471104651162793,19.2075,11.172712843372198,43354.90781395349,47774.219,21970.64233243899,,,
Martinique,MTQ,10.325,0.012,5.766380952380952,7.153499999999999,3.7892175519774143,14622.041619047619,17870.203,9205.371880386718,,,
Mauritania,MRT,18.407,2.166,9.008714285714285,8.901499999999999,5.078342457091512,3105.0916428571427,2581.387,1523.719076002542,,,
Mauritius,MUS,29.555,3.507,14.672190476190476,16.09,7.994876555242466,11893.238619047619,13136.037,5791.540032089481,,,
Mexico,MEX,2423.75,293.325,1404.0495975609756,1412.3615,459.61594645655885,15596.677987804878,16187.4475,2757.8410629239406,92.33472357723578,6.9350081300813,0.07524819825138516
Micronesia (country),FSM,0.764,0.012,0.33171428571428574,0.4835,0.31606068309851015,3018.6844523809523,4425.989,2852.5352845784296,,,
Moldova,MDA,62.269,31.711,39.349854838709675,38.5065,6.1319529694781965,10449.940322580645,9841.076000000001,2256.0566752387,,,
Mongolia,MNG,78.482,36.878,50.92837398373983,50.129999999999995,5.840762394653031,20348.334247967483,19702.0515,2596.619410409407,,,
Montenegro,MNE,16.806,11.287,13.651166666666667,13.464500000000001,1.3070693757185101,21602.46477777778,21300.755,2056.514380397214,,,
Montserrat,MSR,0.27,0.051,0.14373809523809525,0.137,0.0585141465171018,24910.180547619046,26426.174,14528.285699883756,,,
Morocco,MAR,268.313,17.761,106.70941463414634,98.60900000000001,51.59215925765904,3913.8229959349596,3771.8555,1151.0023973720715,94.65265447154472,5.347337398373983,0.05745333421226228
Mozambique,MOZ,85.286,4.518,37.28412295081967,37.7485,16.378535518432646,1902.7868114754099,2018.4825,631.19323764431,,,
Myanmar,MMR,172.26,20.251,52.763918699186995,46.2,29.3495131483048,1130.511532520325,1009.4875,519.8205688904835,,,
Namibia,NAM,23.574,5.022,15.6239375,16.323500000000003,5.908191710353545,7666.1598125,8266.601,1955.981407980039,,,
Nauru,NRU,0.627,0.225,0.435547619047619,0.4365,0.15150355423359652,44909.97578571428,41985.2675,19453.38022905357,,,
Nepal,NPL,49.989,2.195,15.983311475409836,15.119,8.543815185191578,632.3783114754098,610.5675,279.03007432690373,,,
Netherlands,NLD,1170.651,413.96,929.8558577235772,943.0415,119.63872676907023,60431.49084146342,61066.480500000005,5360.886178096313,97.80145528455284,1.110109756097561,0.01188013605637865
Netherlands Antilles,ANT,69.93,40.6,52.2342619047619,54.397999999999996,7.388725742674749,174695.94315238117,175660.6922600002,4864.20530849697,,,
New Caledonia,NCL,22.707,5.226,11.602857142857143,9.809999999999999,5.324906350127733,50175.570857142855,45434.318499999994,12950.525792760418,,,
New Zealand,NZL,264.115,85.218,194.42854065040652,201.69150000000002,38.12223562880984,51479.82721951219,53380.759999999995,5755.765727815862,60.71717886178862,39.28282113821138,0.6490934933288346
Nicaragua,NIC,29.219,9.308,17.61154761904762,16.871000000000002,6.771330247960548,3334.0861428571425,3293.709,645.489870085393,,,
Niger,NER,10.983,2.409,4.424098360655738,3.9475,1.8008155425652006,406.03915573770496,410.711,43.27060730674524,,,
Nigeria,NGA,543.737,122.527,259.451174796748,246.06150000000002,70.52561617651988,2110.4590284552846,2099.8365000000003,164.82300467297475,,,
Niue,NIU,0.039,0.012,0.021166666666666667,0.0245,0.008467777278159856,10225.594571428572,13282.549500000001,5410.8332581824525,,,
North Korea,PRK,345.491,93.337,260.7462295081967,272.352,50.08762217144932,11388.850049180328,11649.4175,2642.7432963672904,,,
North Macedonia,MKD,34.147,27.07,30.691969696969696,30.279,1.9329740603026808,14861.433090909091,14975.063,993.4696451235428,87.48421212121211,12.51578787878788,0.14448986939988204
Northern Mariana Islands,MNP,0.012,0.012,0.012,0.012,0.0,131.47825,131.47825,0.0,,,
Norway,NOR,580.512,215.423,469.2142317073171,486.10749999999996,72.01754175100503,103067.78987398374,105454.23449999999,11587.664728292406,31.27428455284553,68.72571544715449,2.2014466779085753
Oman,OMN,415.306,0.097,88.46396341463414,60.540499999999994,93.38118844931039,34730.397394308944,29501.0105,20109.154933731974,100.0,0.0,0.0
Pakistan,PAK,1083.789,82.224,407.43705691056914,382.848,210.2031564967997,2926.820516260163,2994.7865,666.8989118834022,85.96732926829269,13.01959756097561,0.15219369891551573
Palestine,PSE,20.552,2.722,13.16308,13.168,5.532125216406439,3200.4408000000003,3521.862,974.5569129605346,,,
Panama,PAN,130.186,42.455,74.27952380952381,67.20599999999999,25.906143494223947,23739.72711904762,22445.894500000002,3434.446641495116,,,
Papua New Guinea,PNG,30.15,8.458,17.39092857142857,16.2205,6.804057639425695,2917.4679285714287,2905.4674999999997,326.47204736807424,,,
Paraguay,PRY,154.904,7.701,96.3415,118.19749999999999,46.001210807102794,18121.633285714284,21900.283,7226.568314218878,,,
Peru,PER,334.894,55.007,136.68357723577236,121.72300000000001,56.81758668353591,5940.575382113821,5592.642,1151.5342999201184,73.44033739837398,26.559654471544714,0.366131431358017
Philippines,PHL,585.513,54.786,236.6672154471545,221.8415,100.6243485954902,3341.7754674796747,3317.3215,568.5444150251575,85.10921951219511,14.890780487804879,0.1751241049890328
Poland,POL,1556.635,776.053,1152.6017357723576,1136.7105000000001,124.35452044657335,30941.134975609755,30168.232,3395.6831739741606,98.82702032520325,1.172979674796748,0.012233450220136844
Portugal,PRT,311.496,49.829,212.16046341463417,218.043,60.166688628042465,21081.78108130081,21792.708,5480.934119497027,80.76427642276423,19.235723577235774,0.24066993514706078
Puerto Rico,PRI,155.443,65.826,90.72609523809524,74.464,29.853514292298403,25148.89378571428,22818.3115,7264.803911700172,,,
Qatar,QAT,592.228,1.411,155.34874390243903,127.1695,134.2379079047988,164309.944439675,175660.6922600002,33435.91821059086,,,
Reunion,REU,13.869,0.012,6.850095238095238,7.0395,4.856323209245828,9135.680107142856,10569.822,5766.232124610981,,,
Romania,ROU,772.477,278.721,483.4113780487805,458.4305,101.12490143615824,22841.57399593496,21858.1785,3962.904108785949,90.76031707317073,7.993878048780488,0.09171081388159566
Russia,RUS,10255.829,6997.946,8264.478105263159,8045.0785,974.9772216270268,56748.586473684205,55457.4845,6582.978960749773,88.9631052631579,6.018421052631578,0.0677864835092985
Rwanda,RWA,6.746,1.061,3.5968333333333335,3.358,1.2536402587560689,412.4651904761905,426.04499999999996,87.7204545207598,,,
Saint Helena,SHN,0.054,0.012,0.031142857142857146,0.037000000000000005,0.016146541468491888,5419.660023809523,6611.18,3093.004289674507,,,
Saint Kitts and Nevis,KNA,1.11,0.206,0.6538095238095238,0.784,0.35623144286080993,14174.911333333332,17139.6575,7163.392504676717,,,
Saint Lucia,LCA,2.725,0.35,1.2763333333333333,1.4505,0.6407897819998749,7811.922785714285,9027.752,3288.872050796944,,,
Saint Pierre and Miquelon,SPM,1.075,0.187,0.4820238095238095,0.381,0.2249713790029732,77662.79319047618,63122.184,35053.5571158843,,,
Saint Vincent and the Grenadines,VCT,1.387,0.225,0.7021904761904763,0.7705,0.33796566704653114,6390.011452380953,6771.676,3143.2242565740703,,,
Samoa,WSM,1.631,0.438,0.9317857142857142,0.9610000000000001,0.39075652301496594,4908.688738095238,5201.8375,1671.5910089770698,,,
Sao Tome and Principe,STP,0.739,0.137,0.3934047619047619,0.358,0.19497280104543535,2423.2233095238093,2542.9435,696.6269949337759,,,
Saudi Arabia,SAU,3193.319,235.14,1195.7045447154474,1066.428,699.1115003046255,60751.49252439025,59421.7655,11933.964887445769,100.0,0.0,0.0
Senegal,SEN,44.056,9.617,21.665214285714285,20.801000000000002,10.522416367985748,1996.1283809523807,2071.2690000000002,373.8802686157601,,,
Serbia,SRB,205.23,169.549,196.1495909090909,196.8125,6.06761621934242,26074.996681818182,26270.658499999998,806.9924639111591,,,
Seychelles,SYC,5.267,0.687,3.0839999999999996,3.5185,1.4389078514199751,35663.59690476191,38528.5035,13017.1130803648,,,
Sierra Leone,SLE,5.306,1.876,3.494880952380952,3.543,0.8141076576012073,692.5574761904762,705.992,217.43560284932792,,,
Singapore,SGP,950.833,47.888,401.9438793103448,349.64750000000004,309.2301231947744,93868.92917241379,101148.414,45768.70887176736,99.79867241379311,0.20132758620689659,0.002017347479037081
Slovakia,SVK,248.354,106.836,197.7548448275862,207.082,33.914933656212945,38282.32296551724,39107.259999999995,5527.780604343908,81.5676724137931,5.556620689655173,0.07314255963436504
Slovenia,SVN,93.642,64.881,79.38169696969697,80.156,6.300285248923503,39027.334484848485,39508.945,3098.3173169678653,66.71230303030302,14.99260606060606,0.22727136864995895
Solomon Islands,SLB,1.621,0.432,1.026904761904762,1.0805,0.3887970697422832,2280.6745476190476,2225.1895,380.6427461022392,,,
Somalia,SOM,5.915,2.253,3.6145476190476193,3.4105,1.0294972773245126,421.822880952381,320.322,230.44351511921025,,,
South Africa,ZAF,1481.871,354.229,1033.5271747967479,1055.8045,258.6035228808399,24848.53541463415,25337.04,2114.322420262952,97.40282113821137,0.5983373983739837,0.006183181409977631
South Korea,KOR,3530.013,74.817,1594.0421422764227,1549.5275,854.3967277498609,34470.67542276422,34393.123,16398.688099753064,86.01335772357723,0.810219512195122,0.009435164922469033
South Sudan,SSD,8.004,5.969,7.1505909090909086,7.2204999999999995,0.6900394488064366,663.3545909090909,685.0715,67.30000041115089,,,
Spain,ESP,1846.826,337.407,1176.6705284552843,1166.9099999999999,303.4731630067422,29126.471926829272,29607.031000000003,5747.056500195814,80.24448780487805,10.894321138211383,0.13740187156907055
Sri Lanka,LKA,107.677,10.454,46.76568965517241,36.355000000000004,29.759675174023656,2491.3073448275863,2028.5304999999998,1204.4555700533085,83.371,16.629,0.1994578450540356
Sudan,SDN,107.986,15.199,48.95225581395349,32.256,33.96210064952165,1557.6881860465116,1223.551,691.1798779746213,,,
Suriname,SUR,13.78,5.539,10.076237704918032,10.0735,1.0791308030710818,21116.498295081965,21186.6925,1889.1469005652973,,,
Sweden,SWE,716.907,392.954,624.5482073170732,636.3775,53.590548931336706,69578.69896341463,69817.6955,5656.702087706331,36.874199186991866,35.240219512195125,0.9723234096690875
Switzerland,CHE,389.127,182.468,323.88044308943086,331.8295,33.125173115427835,45567.668491869925,46328.5855,4016.5243330913927,51.591276422764224,31.130674796747968,0.6059676118176386
Syria,SYR,310.272,80.689,166.55144308943088,160.37849999999997,40.72843107678276,11624.799475609756,11906.6845,1765.7121556809782,,,
Taiwan,TWN,1383.62,70.358,728.6713699186993,715.9965,327.36595160045886,33799.29709349594,33754.7365,13122.65339625801,88.82357317073172,3.249329268292683,0.03655682047814411
Tajikistan,TJK,82.803,55.354,66.3983,65.6405,6.6749483849224855,9321.674833333333,9137.3445,1990.2242955458312,,,
Tanzania,TZA,57.783,11.041,21.87512295081967,18.814999999999998,10.50953688230961,638.4766721311476,609.4335,114.87581808364841,,,
Thailand,THA,1482.659,30.707,566.7010365853658,515.0575,354.16145987277315,9266.09043089431,8847.597000000002,4754.341812374188,96.07872764227642,3.9212723577235775,0.040949331774708275
Togo,TGO,12.019,2.543,5.635880952380952,4.627,2.982025994900528,1009.8315714285715,936.906,271.8250557924041,,,
Tonga,TON,0.72,0.115,0.4555,0.506,0.1655644079225113,4406.089547619047,4709.112,1518.7245331297906,,,
Trinidad and Tobago,TTO,233.871,33.626,95.89979268292684,79.7305,50.60523528697915,73315.09967479674,62242.504,32284.5217724483,99.9930081300813,0.0069918699186991866,6.992361335519537e-05
Tunisia,TUN,122.037,37.691,84.09765853658537,85.631,15.276255471374826,8214.325170731707,8254.56,856.8284950205949,,,
Turkey,TUR,1947.841,91.433,707.7349146341463,645.3115,388.8416006710772,11468.1955,11166.3845,4057.8452280786987,87.34227642276423,12.657723577235773,0.14532891163162207
Turkmenistan,TKM,458.947,107.38,218.68352631578946,176.892,99.12253995440594,44014.531763157895,42451.088,12790.721321368115,99.9936052631579,0.006394736842105263,6.395167136299807e-05
Turks and Caicos Islands,TCA,0.987,0.012,0.37671428571428567,0.298,0.3741537629471687,12076.42156547619,15530.8555,11004.580479771104,,,
Tuvalu,TUV,0.012,0.012,0.012,0.012,0.0,131.47825,131.47825,0.0,,,
Uganda,UGA,35.163,3.334,13.914619047619047,10.453,10.234057807985517,471.09292857142856,424.842,182.19793307539462,,,
Ukraine,UKR,3194.697,647.501,1628.5040847457628,1585.6645,381.7125152869323,33619.69093220339,32790.6835,6766.815575142393,83.27884745762712,2.1853305084745767,0.026656875183976688
United Arab Emirates,ARE,1402.732,0.855,474.5716829268293,444.072,306.48608952797963,128095.25246227643,134576.305,36762.46962855805,,,
United Kingdom,GBR,2713.482,1973.261,2468.9534105691055,2484.3175,121.77206723432349,42603.21116260163,43461.842000000004,3241.0046560516544,90.48535772357724,1.9429349593495935,0.023491533498440263
United States,USA,27063.787,14439.701,23269.278796747967,23605.205,2392.1537771683147,88659.51064634147,89570.14850000001,4399.327348467378,88.08045934959348,5.003743902439025,0.05717995170045222
United States Virgin Islands,VIR,70.048,5.951,22.68045238095238,12.4375,20.02086866028323,131100.8643838096,122250.094,31116.964085158637,,,
Uruguay,URY,68.517,28.417,47.69180232558139,46.6085,12.477042826889797,14573.833546511629,14155.200499999999,3234.6063126541435,,,
Uzbekistan,UZB,616.747,457.333,534.9753684210526,531.424,36.94116207102714,20912.204105263158,21420.4315,3129.116063408211,96.68055263157895,3.3194473684210526,0.03436469632496366
Vanuatu,VUT,0.995,0.212,0.5106666666666667,0.4795,0.2196410227206853,2547.8370714285716,2588.305,889.307288941131,,,
Venezuela,VEN,1023.758,191.485,613.8485487804877,610.6555,179.3612544460272,29246.207231707318,30013.3885,3785.4139617753535,80.90770325203252,19.09229674796748,0.24172071623402613
Vietnam,VNM,1274.762,29.455,201.37175203252033,103.70849999999999,268.3973038987698,2767.714073170732,1914.161,2625.5893832505153,81.34602032520326,18.653979674796748,0.23161758260854112
Western Sahara,ESH,1.096,0.691,0.9558095238095238,1.0525,0.13393158757734208,3669.594619047619,3694.2655,1229.6109591976337,,,
Yemen,YEM,102.78,27.986,55.914872093023256,46.2035,22.452582402936002,3027.5889651162793,3350.3645,882.3990042909697,,,
Zambia,ZMB,66.576,28.266,37.125918032786885,36.1205,5.856239738733667,3410.3178688524595,3200.3005000000003,756.5607521415084,,,
Zimbabwe,ZWE,62.641,39.537,51.670117886178865,52.2595,3.813192126415367,4590.302524390243,4639.2294999999995,551.6270051093825,,,
